[FPGA sim] port=12347  pass +fpga_id=N to tag output
Listening on port 12347
[FPGA3] TX #0.0  data=0x03000000
[FPGA3] TX #0.1  data=0x03000001
[FPGA3] TX #0.2  data=0x03000002
[FPGA3] TX #0.3  data=0x03000003
[FPGA3] TX #0.4  data=0x03000004
[FPGA3] TX #0.5  data=0x03000005
[FPGA3] TX #0.6  data=0x03000006
[FPGA3] TX #0.7  data=0x03000007
[FPGA3] RX #1      data=0x01000000 (len=4 B)
[FPGA3] RX #1      data=0x01000001 (len=4 B)
[FPGA3] RX #1      data=0x04000000 (len=4 B)
[FPGA3] RX #1      data=0x04000001 (len=4 B)
[FPGA3] RX #1      data=0x04000002 (len=4 B)
[FPGA3] RX #1      data=0x04000003 (len=4 B)
[FPGA3] RX #1      data=0x04000004 (len=4 B)
[FPGA3] TX #1.0  data=0x03000000
[FPGA3] TX #1.1  data=0x03000001
[FPGA3] TX #1.2  data=0x03000002
[FPGA3] RX #1      data=0x04000005 (len=4 B)
[FPGA3] TX #1.3  data=0x03000003
[FPGA3] RX #1      data=0x02000000 (len=4 B)
[FPGA3] TX #1.4  data=0x03000004
[FPGA3] TX #1.5  data=0x03000005
[FPGA3] TX #1.6  data=0x03000006
[FPGA3] RX #1      data=0x02000001 (len=4 B)
[FPGA3] TX #1.7  data=0x03000007
[FPGA3] RX #2      data=0x02000002 (len=4 B)
[FPGA3] RX #2      data=0x02000003 (len=4 B)
[FPGA3] RX #2      data=0x02000004 (len=4 B)
[FPGA3] RX #2      data=0x02000005 (len=4 B)
[FPGA3] RX #2      data=0x02000006 (len=4 B)
[FPGA3] RX #2      data=0x02000007 (len=4 B)
[FPGA3] RX #2      data=0x01000002 (len=4 B)
[FPGA3] RX #2      data=0x01000003 (len=4 B)
[FPGA3] RX #2      data=0x01000004 (len=4 B)
[FPGA3] RX #2      data=0x01000005 (len=4 B)
[FPGA3] RX #2      data=0x01000006 (len=4 B)
[FPGA3] TX #2.0  data=0x03000000
[FPGA3] TX #2.1  data=0x03000001
[FPGA3] TX #2.2  data=0x03000002
[FPGA3] TX #2.3  data=0x03000003
[FPGA3] RX #2      data=0x01000007 (len=4 B)
[FPGA3] TX #2.4  data=0x03000004
[FPGA3] RX #2      data=0x04000006 (len=4 B)
[FPGA3] TX #2.5  data=0x03000005
[FPGA3] RX #2      data=0x04000007 (len=4 B)
[FPGA3] TX #2.6  data=0x03000006
[FPGA3] RX #2      data=0x02000000 (len=4 B)
[FPGA3] TX #2.7  data=0x03000007
[FPGA3] RX #3      data=0x02000001 (len=4 B)
[FPGA3] RX #3      data=0x02000002 (len=4 B)
[FPGA3] RX #3      data=0x02000003 (len=4 B)
[FPGA3] RX #3      data=0x02000004 (len=4 B)
[FPGA3] RX #3      data=0x02000005 (len=4 B)
[FPGA3] RX #3      data=0x02000006 (len=4 B)
[FPGA3] RX #3      data=0x02000007 (len=4 B)
[FPGA3] RX #3      data=0x01000000 (len=4 B)
[FPGA3] RX #3      data=0x01000001 (len=4 B)
[FPGA3] RX #3      data=0x01000002 (len=4 B)
[FPGA3] RX #3      data=0x01000003 (len=4 B)
[FPGA3] TX #3.0  data=0x03000000
[FPGA3] TX #3.1  data=0x03000001
[FPGA3] TX #3.2  data=0x03000002
[FPGA3] RX #3      data=0x01000004 (len=4 B)
[FPGA3] TX #3.3  data=0x03000003
[FPGA3] RX #3      data=0x01000005 (len=4 B)
[FPGA3] TX #3.4  data=0x03000004
[FPGA3] RX #3      data=0x01000006 (len=4 B)
[FPGA3] TX #3.5  data=0x03000005
[FPGA3] RX #3      data=0x01000007 (len=4 B)
[FPGA3] TX #3.6  data=0x03000006
[FPGA3] RX #3      data=0x04000000 (len=4 B)
[FPGA3] TX #3.7  data=0x03000007
[FPGA3] RX #4      data=0x04000001 (len=4 B)
[FPGA3] RX #4      data=0x04000002 (len=4 B)
[FPGA3] RX #4      data=0x04000003 (len=4 B)
[FPGA3] RX #4      data=0x04000004 (len=4 B)
[FPGA3] RX #4      data=0x04000005 (len=4 B)
[FPGA3] RX #4      data=0x04000006 (len=4 B)
[FPGA3] RX #4      data=0x04000007 (len=4 B)
[FPGA3] RX #4      data=0x02000000 (len=4 B)
[FPGA3] RX #4      data=0x02000001 (len=4 B)
[FPGA3] RX #4      data=0x02000002 (len=4 B)
[FPGA3] RX #4      data=0x02000003 (len=4 B)
[FPGA3] TX #4.0  data=0x03000000
[FPGA3] TX #4.1  data=0x03000001
[FPGA3] TX #4.2  data=0x03000002
[FPGA3] RX #4      data=0x02000004 (len=4 B)
[FPGA3] TX #4.3  data=0x03000003
[FPGA3] RX #4      data=0x02000005 (len=4 B)
[FPGA3] TX #4.4  data=0x03000004
[FPGA3] RX #4      data=0x02000006 (len=4 B)
[FPGA3] TX #4.5  data=0x03000005
[FPGA3] RX #4      data=0x01000000 (len=4 B)
[FPGA3] TX #4.6  data=0x03000006
[FPGA3] RX #4      data=0x01000001 (len=4 B)
[FPGA3] TX #4.7  data=0x03000007
[FPGA3] RX #5      data=0x01000002 (len=4 B)
[FPGA3] RX #5      data=0x01000003 (len=4 B)
[FPGA3] RX #5      data=0x01000004 (len=4 B)
[FPGA3] RX #5      data=0x01000005 (len=4 B)
[FPGA3] RX #5      data=0x01000006 (len=4 B)
[FPGA3] RX #5      data=0x01000007 (len=4 B)
[FPGA3] RX #5      data=0x04000000 (len=4 B)
[FPGA3] RX #5      data=0x04000001 (len=4 B)
[FPGA3] RX #5      data=0x04000002 (len=4 B)
[FPGA3] RX #5      data=0x04000003 (len=4 B)
[FPGA3] RX #5      data=0x04000004 (len=4 B)
[FPGA3] TX #5.0  data=0x03000000
[FPGA3] TX #5.1  data=0x03000001
[FPGA3] TX #5.2  data=0x03000002
[FPGA3] RX #5      data=0x04000005 (len=4 B)
[FPGA3] TX #5.3  data=0x03000003
[FPGA3] RX #5      data=0x04000006 (len=4 B)
[FPGA3] TX #5.4  data=0x03000004
[FPGA3] RX #5      data=0x04000007 (len=4 B)
[FPGA3] TX #5.5  data=0x03000005
[FPGA3] RX #5      data=0x02000007 (len=4 B)
[FPGA3] TX #5.6  data=0x03000006
[FPGA3] RX #5      data=0x02000000 (len=4 B)
[FPGA3] TX #5.7  data=0x03000007
[FPGA3] RX #6      data=0x02000001 (len=4 B)
[FPGA3] RX #6      data=0x02000002 (len=4 B)
[FPGA3] RX #6      data=0x02000003 (len=4 B)
[FPGA3] RX #6      data=0x01000000 (len=4 B)
[FPGA3] RX #6      data=0x01000001 (len=4 B)
[FPGA3] RX #6      data=0x01000002 (len=4 B)
[FPGA3] RX #6      data=0x01000003 (len=4 B)
[FPGA3] RX #6      data=0x01000004 (len=4 B)
[FPGA3] RX #6      data=0x01000005 (len=4 B)
[FPGA3] RX #6      data=0x01000006 (len=4 B)
[FPGA3] RX #6      data=0x04000000 (len=4 B)
[FPGA3] TX #6.0  data=0x03000000
[FPGA3] TX #6.1  data=0x03000001
[FPGA3] TX #6.2  data=0x03000002
[FPGA3] TX #6.3  data=0x03000003
[FPGA3] RX #6      data=0x04000001 (len=4 B)
[FPGA3] TX #6.4  data=0x03000004
[FPGA3] RX #6      data=0x04000002 (len=4 B)
[FPGA3] TX #6.5  data=0x03000005
[FPGA3] RX #6      data=0x04000003 (len=4 B)
[FPGA3] TX #6.6  data=0x03000006
[FPGA3] RX #6      data=0x04000004 (len=4 B)
[FPGA3] TX #6.7  data=0x03000007
[FPGA3] RX #7      data=0x04000005 (len=4 B)
[FPGA3] RX #7      data=0x04000006 (len=4 B)
[FPGA3] RX #7      data=0x04000007 (len=4 B)
[FPGA3] RX #7      data=0x02000004 (len=4 B)
[FPGA3] RX #7      data=0x02000005 (len=4 B)
[FPGA3] RX #7      data=0x02000006 (len=4 B)
[FPGA3] RX #7      data=0x02000007 (len=4 B)
[FPGA3] RX #7      data=0x02000000 (len=4 B)
[FPGA3] RX #7      data=0x02000001 (len=4 B)
[FPGA3] RX #7      data=0x02000002 (len=4 B)
[FPGA3] RX #7      data=0x02000003 (len=4 B)
[FPGA3] RX #7      data=0x02000004 (len=4 B)
[FPGA3] TX #7.0  data=0x03000000
[FPGA3] TX #7.1  data=0x03000001
[FPGA3] TX #7.2  data=0x03000002
[FPGA3] TX #7.3  data=0x03000003
[FPGA3] RX #7      data=0x01000007 (len=4 B)
[FPGA3] TX #7.4  data=0x03000004
[FPGA3] RX #7      data=0x01000000 (len=4 B)
[FPGA3] TX #7.5  data=0x03000005
[FPGA3] RX #7      data=0x01000001 (len=4 B)
[FPGA3] TX #7.6  data=0x03000006
[FPGA3] RX #7      data=0x01000002 (len=4 B)
[FPGA3] TX #7.7  data=0x03000007
[FPGA3] RX #8      data=0x01000003 (len=4 B)
[FPGA3] RX #8      data=0x04000000 (len=4 B)
[FPGA3] RX #8      data=0x04000001 (len=4 B)
[FPGA3] RX #8      data=0x04000002 (len=4 B)
[FPGA3] RX #8      data=0x04000003 (len=4 B)
[FPGA3] RX #8      data=0x04000004 (len=4 B)
[FPGA3] RX #8      data=0x04000005 (len=4 B)
[FPGA3] RX #8      data=0x04000006 (len=4 B)
[FPGA3] RX #8      data=0x04000007 (len=4 B)
[FPGA3] RX #8      data=0x02000005 (len=4 B)
[FPGA3] RX #8      data=0x02000006 (len=4 B)
[FPGA3] RX #8      data=0x02000007 (len=4 B)
[FPGA3] TX #8.0  data=0x03000000
[FPGA3] TX #8.1  data=0x03000001
[FPGA3] TX #8.2  data=0x03000002
[FPGA3] TX #8.3  data=0x03000003
[FPGA3] RX #8      data=0x02000000 (len=4 B)
[FPGA3] TX #8.4  data=0x03000004
[FPGA3] RX #8      data=0x02000001 (len=4 B)
[FPGA3] TX #8.5  data=0x03000005
[FPGA3] RX #8      data=0x02000002 (len=4 B)
[FPGA3] TX #8.6  data=0x03000006
[FPGA3] RX #8      data=0x02000003 (len=4 B)
[FPGA3] TX #8.7  data=0x03000007
[FPGA3] RX #9      data=0x01000004 (len=4 B)
[FPGA3] RX #9      data=0x01000005 (len=4 B)
[FPGA3] RX #9      data=0x01000006 (len=4 B)
[FPGA3] RX #9      data=0x01000007 (len=4 B)
[FPGA3] RX #9      data=0x01000000 (len=4 B)
[FPGA3] RX #9      data=0x01000001 (len=4 B)
[FPGA3] RX #9      data=0x01000002 (len=4 B)
[FPGA3] RX #9      data=0x01000003 (len=4 B)
[FPGA3] RX #9      data=0x01000004 (len=4 B)
[FPGA3] RX #9      data=0x01000005 (len=4 B)
[FPGA3] RX #9      data=0x01000006 (len=4 B)
[FPGA3] RX #9      data=0x01000007 (len=4 B)
[FPGA3] TX #9.0  data=0x03000000
[FPGA3] TX #9.1  data=0x03000001
[FPGA3] TX #9.2  data=0x03000002
[FPGA3] TX #9.3  data=0x03000003
[FPGA3] RX #9      data=0x04000000 (len=4 B)
[FPGA3] TX #9.4  data=0x03000004
[FPGA3] RX #9      data=0x04000001 (len=4 B)
[FPGA3] TX #9.5  data=0x03000005
[FPGA3] RX #9      data=0x04000002 (len=4 B)
[FPGA3] TX #9.6  data=0x03000006
[FPGA3] RX #9      data=0x04000003 (len=4 B)
[FPGA3] TX #9.7  data=0x03000007
[FPGA3] RX #10      data=0x04000004 (len=4 B)
[FPGA3] RX #10      data=0x04000005 (len=4 B)
[FPGA3] RX #10      data=0x04000006 (len=4 B)
[FPGA3] RX #10      data=0x04000007 (len=4 B)
[FPGA3] RX #10      data=0x02000004 (len=4 B)
[FPGA3] RX #10      data=0x02000005 (len=4 B)
[FPGA3] RX #10      data=0x02000006 (len=4 B)
[FPGA3] RX #10      data=0x02000007 (len=4 B)
[FPGA3] RX #10      data=0x02000000 (len=4 B)
[FPGA3] RX #10      data=0x02000001 (len=4 B)
[FPGA3] RX #10      data=0x02000002 (len=4 B)
[FPGA3] TX #10.0  data=0x03000000
[FPGA3] TX #10.1  data=0x03000001
[FPGA3] TX #10.2  data=0x03000002
[FPGA3] RX #10      data=0x02000003 (len=4 B)
[FPGA3] TX #10.3  data=0x03000003
[FPGA3] RX #10      data=0x02000004 (len=4 B)
[FPGA3] TX #10.4  data=0x03000004
[FPGA3] RX #10      data=0x01000000 (len=4 B)
[FPGA3] TX #10.5  data=0x03000005
[FPGA3] RX #10      data=0x01000001 (len=4 B)
[FPGA3] TX #10.6  data=0x03000006
[FPGA3] RX #10      data=0x01000002 (len=4 B)
[FPGA3] TX #10.7  data=0x03000007
[FPGA3] RX #11      data=0x01000003 (len=4 B)
[FPGA3] RX #11      data=0x01000004 (len=4 B)
[FPGA3] RX #11      data=0x01000005 (len=4 B)
[FPGA3] RX #11      data=0x01000006 (len=4 B)
[FPGA3] RX #11      data=0x04000000 (len=4 B)
[FPGA3] RX #11      data=0x04000001 (len=4 B)
[FPGA3] RX #11      data=0x04000002 (len=4 B)
[FPGA3] RX #11      data=0x04000003 (len=4 B)
[FPGA3] RX #11      data=0x04000004 (len=4 B)
[FPGA3] RX #11      data=0x04000005 (len=4 B)
[FPGA3] RX #11      data=0x04000006 (len=4 B)
[FPGA3] TX #11.0  data=0x03000000
[FPGA3] TX #11.1  data=0x03000001
[FPGA3] TX #11.2  data=0x03000002
[FPGA3] RX #11      data=0x04000007 (len=4 B)
[FPGA3] TX #11.3  data=0x03000003
[FPGA3] RX #11      data=0x02000005 (len=4 B)
[FPGA3] TX #11.4  data=0x03000004
[FPGA3] RX #11      data=0x02000006 (len=4 B)
[FPGA3] TX #11.5  data=0x03000005
[FPGA3] RX #11      data=0x02000007 (len=4 B)
[FPGA3] TX #11.6  data=0x03000006
[FPGA3] RX #11      data=0x02000000 (len=4 B)
[FPGA3] TX #11.7  data=0x03000007
[FPGA3] RX #12      data=0x02000001 (len=4 B)
[FPGA3] RX #12      data=0x02000002 (len=4 B)
[FPGA3] RX #12      data=0x02000003 (len=4 B)
[FPGA3] RX #12      data=0x01000007 (len=4 B)
[FPGA3] RX #12      data=0x01000000 (len=4 B)
[FPGA3] RX #12      data=0x01000001 (len=4 B)
[FPGA3] RX #12      data=0x01000002 (len=4 B)
[FPGA3] RX #12      data=0x01000003 (len=4 B)
[FPGA3] RX #12      data=0x04000000 (len=4 B)
[FPGA3] RX #12      data=0x04000001 (len=4 B)
[FPGA3] RX #12      data=0x04000002 (len=4 B)
[FPGA3] TX #12.0  data=0x03000000
[FPGA3] TX #12.1  data=0x03000001
[FPGA3] TX #12.2  data=0x03000002
[FPGA3] TX #12.3  data=0x03000003
[FPGA3] RX #12      data=0x04000003 (len=4 B)
[FPGA3] TX #12.4  data=0x03000004
[FPGA3] RX #12      data=0x04000004 (len=4 B)
[FPGA3] TX #12.5  data=0x03000005
[FPGA3] RX #12      data=0x04000005 (len=4 B)
[FPGA3] TX #12.6  data=0x03000006
[FPGA3] RX #12      data=0x04000006 (len=4 B)
[FPGA3] TX #12.7  data=0x03000007
[FPGA3] RX #13      data=0x04000007 (len=4 B)
[FPGA3] RX #13      data=0x02000004 (len=4 B)
[FPGA3] RX #13      data=0x02000005 (len=4 B)
[FPGA3] RX #13      data=0x02000006 (len=4 B)
[FPGA3] RX #13      data=0x02000007 (len=4 B)
[FPGA3] RX #13      data=0x02000000 (len=4 B)
[FPGA3] RX #13      data=0x02000001 (len=4 B)
[FPGA3] RX #13      data=0x02000002 (len=4 B)
[FPGA3] RX #13      data=0x02000003 (len=4 B)
[FPGA3] RX #13      data=0x02000004 (len=4 B)
[FPGA3] RX #13      data=0x02000005 (len=4 B)
[FPGA3] RX #13      data=0x02000006 (len=4 B)
[FPGA3] TX #13.0  data=0x03000000
[FPGA3] TX #13.1  data=0x03000001
[FPGA3] TX #13.2  data=0x03000002
[FPGA3] TX #13.3  data=0x03000003
[FPGA3] RX #13      data=0x02000007 (len=4 B)
[FPGA3] TX #13.4  data=0x03000004
[FPGA3] RX #13      data=0x01000004 (len=4 B)
[FPGA3] TX #13.5  data=0x03000005
[FPGA3] RX #13      data=0x01000005 (len=4 B)
[FPGA3] TX #13.6  data=0x03000006
[FPGA3] RX #13      data=0x01000006 (len=4 B)
[FPGA3] TX #13.7  data=0x03000007
[FPGA3] RX #14      data=0x01000007 (len=4 B)
[FPGA3] RX #14      data=0x01000000 (len=4 B)
[FPGA3] RX #14      data=0x01000001 (len=4 B)
[FPGA3] RX #14      data=0x01000002 (len=4 B)
[FPGA3] RX #14      data=0x01000003 (len=4 B)
[FPGA3] RX #14      data=0x01000004 (len=4 B)
[FPGA3] RX #14      data=0x01000005 (len=4 B)
[FPGA3] RX #14      data=0x01000006 (len=4 B)
[FPGA3] RX #14      data=0x01000007 (len=4 B)
[FPGA3] RX #14      data=0x04000000 (len=4 B)
[FPGA3] RX #14      data=0x04000001 (len=4 B)
[FPGA3] RX #14      data=0x04000002 (len=4 B)
[FPGA3] TX #14.0  data=0x03000000
[FPGA3] TX #14.1  data=0x03000001
[FPGA3] TX #14.2  data=0x03000002
[FPGA3] TX #14.3  data=0x03000003
[FPGA3] RX #14      data=0x04000003 (len=4 B)
[FPGA3] TX #14.4  data=0x03000004
[FPGA3] RX #14      data=0x04000004 (len=4 B)
[FPGA3] TX #14.5  data=0x03000005
[FPGA3] RX #14      data=0x04000005 (len=4 B)
[FPGA3] TX #14.6  data=0x03000006
[FPGA3] RX #14      data=0x04000006 (len=4 B)
[FPGA3] TX #14.7  data=0x03000007
[FPGA3] RX #15      data=0x04000007 (len=4 B)
[FPGA3] RX #15      data=0x02000000 (len=4 B)
[FPGA3] RX #15      data=0x02000001 (len=4 B)
[FPGA3] RX #15      data=0x02000002 (len=4 B)
[FPGA3] RX #15      data=0x02000003 (len=4 B)
[FPGA3] RX #15      data=0x02000004 (len=4 B)
[FPGA3] RX #15      data=0x02000005 (len=4 B)
[FPGA3] RX #15      data=0x02000006 (len=4 B)
[FPGA3] RX #15      data=0x01000000 (len=4 B)
[FPGA3] RX #15      data=0x01000001 (len=4 B)
[FPGA3] RX #15      data=0x01000002 (len=4 B)
[FPGA3] RX #15      data=0x01000003 (len=4 B)
[FPGA3] TX #15.0  data=0x03000000
[FPGA3] TX #15.1  data=0x03000001
[FPGA3] TX #15.2  data=0x03000002
[FPGA3] TX #15.3  data=0x03000003
[FPGA3] RX #15      data=0x01000004 (len=4 B)
[FPGA3] TX #15.4  data=0x03000004
[FPGA3] RX #15      data=0x01000005 (len=4 B)
[FPGA3] TX #15.5  data=0x03000005
[FPGA3] RX #15      data=0x01000006 (len=4 B)
[FPGA3] TX #15.6  data=0x03000006
[FPGA3] RX #15      data=0x01000007 (len=4 B)
[FPGA3] TX #15.7  data=0x03000007
[FPGA3] RX #16      data=0x04000000 (len=4 B)
[FPGA3] RX #16      data=0x04000001 (len=4 B)
[FPGA3] RX #16      data=0x04000002 (len=4 B)
[FPGA3] RX #16      data=0x04000003 (len=4 B)
[FPGA3] RX #16      data=0x04000004 (len=4 B)
[FPGA3] RX #16      data=0x04000005 (len=4 B)
[FPGA3] RX #16      data=0x04000006 (len=4 B)
[FPGA3] RX #16      data=0x04000007 (len=4 B)
[FPGA3] RX #16      data=0x02000007 (len=4 B)
[FPGA3] RX #16      data=0x02000000 (len=4 B)
[FPGA3] RX #16      data=0x02000001 (len=4 B)
[FPGA3] RX #16      data=0x02000002 (len=4 B)
[FPGA3] TX #16.0  data=0x03000000
[FPGA3] TX #16.1  data=0x03000001
[FPGA3] TX #16.2  data=0x03000002
[FPGA3] TX #16.3  data=0x03000003
[FPGA3] RX #16      data=0x02000003 (len=4 B)
[FPGA3] TX #16.4  data=0x03000004
[FPGA3] RX #16      data=0x01000000 (len=4 B)
[FPGA3] TX #16.5  data=0x03000005
[FPGA3] RX #16      data=0x01000001 (len=4 B)
[FPGA3] TX #16.6  data=0x03000006
[FPGA3] RX #16      data=0x01000002 (len=4 B)
[FPGA3] TX #16.7  data=0x03000007
[FPGA3] RX #17      data=0x01000003 (len=4 B)
[FPGA3] RX #17      data=0x01000004 (len=4 B)
[FPGA3] RX #17      data=0x01000005 (len=4 B)
[FPGA3] RX #17      data=0x01000006 (len=4 B)
[FPGA3] RX #17      data=0x04000000 (len=4 B)
[FPGA3] RX #17      data=0x04000001 (len=4 B)
[FPGA3] RX #17      data=0x04000002 (len=4 B)
[FPGA3] RX #17      data=0x04000003 (len=4 B)
[FPGA3] RX #17      data=0x04000004 (len=4 B)
[FPGA3] RX #17      data=0x04000005 (len=4 B)
[FPGA3] RX #17      data=0x04000006 (len=4 B)
[FPGA3] TX #17.0  data=0x03000000
[FPGA3] TX #17.1  data=0x03000001
[FPGA3] TX #17.2  data=0x03000002
[FPGA3] RX #17      data=0x04000007 (len=4 B)
[FPGA3] TX #17.3  data=0x03000003
[FPGA3] RX #17      data=0x02000004 (len=4 B)
[FPGA3] TX #17.4  data=0x03000004
[FPGA3] RX #17      data=0x02000005 (len=4 B)
[FPGA3] TX #17.5  data=0x03000005
[FPGA3] RX #17      data=0x02000006 (len=4 B)
[FPGA3] TX #17.6  data=0x03000006
[FPGA3] RX #17      data=0x02000007 (len=4 B)
[FPGA3] TX #17.7  data=0x03000007
[FPGA3] RX #18      data=0x02000000 (len=4 B)
[FPGA3] RX #18      data=0x02000001 (len=4 B)
[FPGA3] RX #18      data=0x02000002 (len=4 B)
[FPGA3] RX #18      data=0x02000003 (len=4 B)
[FPGA3] RX #18      data=0x02000004 (len=4 B)
[FPGA3] RX #18      data=0x02000005 (len=4 B)
[FPGA3] RX #18      data=0x02000006 (len=4 B)
[FPGA3] RX #18      data=0x01000007 (len=4 B)
[FPGA3] RX #18      data=0x01000000 (len=4 B)
[FPGA3] RX #18      data=0x01000001 (len=4 B)
[FPGA3] RX #18      data=0x01000002 (len=4 B)
[FPGA3] TX #18.0  data=0x03000000
[FPGA3] TX #18.1  data=0x03000001
[FPGA3] TX #18.2  data=0x03000002
[FPGA3] RX #18      data=0x01000003 (len=4 B)
[FPGA3] TX #18.3  data=0x03000003
[FPGA3] RX #18      data=0x01000004 (len=4 B)
[FPGA3] TX #18.4  data=0x03000004
[FPGA3] RX #18      data=0x01000005 (len=4 B)
[FPGA3] TX #18.5  data=0x03000005
[FPGA3] RX #18      data=0x01000006 (len=4 B)
[FPGA3] TX #18.6  data=0x03000006
[FPGA3] RX #18      data=0x04000000 (len=4 B)
[FPGA3] TX #18.7  data=0x03000007
[FPGA3] RX #19      data=0x04000001 (len=4 B)
[FPGA3] RX #19      data=0x04000002 (len=4 B)
[FPGA3] RX #19      data=0x04000003 (len=4 B)
[FPGA3] RX #19      data=0x04000004 (len=4 B)
[FPGA3] RX #19      data=0x04000005 (len=4 B)
[FPGA3] RX #19      data=0x04000006 (len=4 B)
[FPGA3] RX #19      data=0x04000007 (len=4 B)
[FPGA3] RX #19      data=0x02000007 (len=4 B)
[FPGA3] RX #19      data=0x02000000 (len=4 B)
[FPGA3] RX #19      data=0x02000001 (len=4 B)
[FPGA3] RX #19      data=0x02000002 (len=4 B)
[FPGA3] TX #19.0  data=0x03000000
[FPGA3] TX #19.1  data=0x03000001
[FPGA3] TX #19.2  data=0x03000002
[FPGA3] TX #19.3  data=0x03000003
[FPGA3] RX #19      data=0x02000003 (len=4 B)
[FPGA3] TX #19.4  data=0x03000004
[FPGA3] RX #19      data=0x02000004 (len=4 B)
[FPGA3] TX #19.5  data=0x03000005
[FPGA3] RX #19      data=0x02000005 (len=4 B)
[FPGA3] TX #19.6  data=0x03000006
[FPGA3] RX #19      data=0x02000006 (len=4 B)
[FPGA3] TX #19.7  data=0x03000007
[FPGA3] RX #20      data=0x01000007 (len=4 B)
[FPGA3] RX #20      data=0x01000000 (len=4 B)
[FPGA3] RX #20      data=0x01000001 (len=4 B)
[FPGA3] RX #20      data=0x01000002 (len=4 B)
[FPGA3] RX #20      data=0x01000003 (len=4 B)
[FPGA3] RX #20      data=0x01000004 (len=4 B)
[FPGA3] RX #20      data=0x01000005 (len=4 B)
[FPGA3] RX #20      data=0x01000006 (len=4 B)
[FPGA3] RX #20      data=0x01000007 (len=4 B)
[FPGA3] RX #20      data=0x04000000 (len=4 B)
[FPGA3] RX #20      data=0x04000001 (len=4 B)
[FPGA3] RX #20      data=0x04000002 (len=4 B)
[FPGA3] TX #20.0  data=0x03000000
[FPGA3] TX #20.1  data=0x03000001
[FPGA3] TX #20.2  data=0x03000002
[FPGA3] TX #20.3  data=0x03000003
[FPGA3] RX #20      data=0x04000003 (len=4 B)
[FPGA3] TX #20.4  data=0x03000004
[FPGA3] RX #20      data=0x04000004 (len=4 B)
[FPGA3] TX #20.5  data=0x03000005
[FPGA3] RX #20      data=0x04000005 (len=4 B)
[FPGA3] TX #20.6  data=0x03000006
[FPGA3] RX #20      data=0x04000006 (len=4 B)
[FPGA3] TX #20.7  data=0x03000007
[FPGA3] RX #21      data=0x04000007 (len=4 B)
[FPGA3] RX #21      data=0x02000007 (len=4 B)
[FPGA3] RX #21      data=0x02000000 (len=4 B)
[FPGA3] RX #21      data=0x02000001 (len=4 B)
[FPGA3] RX #21      data=0x02000002 (len=4 B)
[FPGA3] RX #21      data=0x02000003 (len=4 B)
[FPGA3] RX #21      data=0x02000004 (len=4 B)
[FPGA3] RX #21      data=0x02000005 (len=4 B)
[FPGA3] RX #21      data=0x02000006 (len=4 B)
[FPGA3] RX #21      data=0x04000000 (len=4 B)
[FPGA3] RX #21      data=0x04000001 (len=4 B)
[FPGA3] RX #21      data=0x04000002 (len=4 B)
[FPGA3] TX #21.0  data=0x03000000
[FPGA3] TX #21.1  data=0x03000001
[FPGA3] TX #21.2  data=0x03000002
[FPGA3] TX #21.3  data=0x03000003
[FPGA3] RX #21      data=0x04000003 (len=4 B)
[FPGA3] TX #21.4  data=0x03000004
[FPGA3] RX #21      data=0x04000004 (len=4 B)
[FPGA3] TX #21.5  data=0x03000005
[FPGA3] RX #21      data=0x04000005 (len=4 B)
[FPGA3] TX #21.6  data=0x03000006
[FPGA3] RX #21      data=0x04000006 (len=4 B)
[FPGA3] TX #21.7  data=0x03000007
[FPGA3] RX #22      data=0x04000007 (len=4 B)
[FPGA3] RX #22      data=0x01000000 (len=4 B)
[FPGA3] RX #22      data=0x01000001 (len=4 B)
[FPGA3] RX #22      data=0x01000002 (len=4 B)
[FPGA3] RX #22      data=0x01000003 (len=4 B)
[FPGA3] RX #22      data=0x01000004 (len=4 B)
[FPGA3] RX #22      data=0x01000005 (len=4 B)
[FPGA3] RX #22      data=0x01000006 (len=4 B)
[FPGA3] RX #22      data=0x01000007 (len=4 B)
[FPGA3] RX #22      data=0x02000007 (len=4 B)
[FPGA3] RX #22      data=0x02000000 (len=4 B)
[FPGA3] RX #22      data=0x02000001 (len=4 B)
[FPGA3] TX #22.0  data=0x03000000
[FPGA3] TX #22.1  data=0x03000001
[FPGA3] TX #22.2  data=0x03000002
[FPGA3] TX #22.3  data=0x03000003
[FPGA3] RX #22      data=0x02000002 (len=4 B)
[FPGA3] TX #22.4  data=0x03000004
[FPGA3] RX #22      data=0x02000003 (len=4 B)
[FPGA3] TX #22.5  data=0x03000005
[FPGA3] RX #22      data=0x04000000 (len=4 B)
[FPGA3] TX #22.6  data=0x03000006
[FPGA3] RX #22      data=0x04000001 (len=4 B)
[FPGA3] TX #22.7  data=0x03000007
[FPGA3] RX #23      data=0x04000002 (len=4 B)
[FPGA3] RX #23      data=0x04000003 (len=4 B)
[FPGA3] RX #23      data=0x04000004 (len=4 B)
[FPGA3] RX #23      data=0x04000005 (len=4 B)
[FPGA3] RX #23      data=0x04000006 (len=4 B)
[FPGA3] RX #23      data=0x04000007 (len=4 B)
[FPGA3] RX #23      data=0x01000000 (len=4 B)
[FPGA3] RX #23      data=0x01000001 (len=4 B)
[FPGA3] RX #23      data=0x01000002 (len=4 B)
[FPGA3] RX #23      data=0x01000003 (len=4 B)
[FPGA3] RX #23      data=0x01000004 (len=4 B)
[FPGA3] RX #23      data=0x01000005 (len=4 B)
[FPGA3] TX #23.0  data=0x03000000
[FPGA3] TX #23.1  data=0x03000001
[FPGA3] TX #23.2  data=0x03000002
[FPGA3] TX #23.3  data=0x03000003
[FPGA3] RX #23      data=0x01000006 (len=4 B)
[FPGA3] TX #23.4  data=0x03000004
[FPGA3] RX #23      data=0x01000007 (len=4 B)
[FPGA3] TX #23.5  data=0x03000005
[FPGA3] RX #23      data=0x02000004 (len=4 B)
[FPGA3] TX #23.6  data=0x03000006
[FPGA3] RX #23      data=0x02000005 (len=4 B)
[FPGA3] TX #23.7  data=0x03000007
[FPGA3] RX #24      data=0x02000006 (len=4 B)
[FPGA3] RX #24      data=0x02000007 (len=4 B)
[FPGA3] RX #24      data=0x02000000 (len=4 B)
[FPGA3] RX #24      data=0x02000001 (len=4 B)
[FPGA3] RX #24      data=0x02000002 (len=4 B)
[FPGA3] RX #24      data=0x02000003 (len=4 B)
[FPGA3] RX #24      data=0x02000004 (len=4 B)
[FPGA3] RX #24      data=0x02000005 (len=4 B)
[FPGA3] RX #24      data=0x02000006 (len=4 B)
[FPGA3] RX #24      data=0x02000007 (len=4 B)
[FPGA3] RX #24      data=0x04000000 (len=4 B)
[FPGA3] TX #24.0  data=0x03000000
[FPGA3] TX #24.1  data=0x03000001
[FPGA3] TX #24.2  data=0x03000002
[FPGA3] RX #24      data=0x04000001 (len=4 B)
[FPGA3] TX #24.3  data=0x03000003
[FPGA3] RX #24      data=0x04000002 (len=4 B)
[FPGA3] TX #24.4  data=0x03000004
[FPGA3] RX #24      data=0x04000003 (len=4 B)
[FPGA3] TX #24.5  data=0x03000005
[FPGA3] RX #24      data=0x04000004 (len=4 B)
[FPGA3] TX #24.6  data=0x03000006
[FPGA3] RX #24      data=0x04000005 (len=4 B)
[FPGA3] TX #24.7  data=0x03000007
[FPGA3] RX #25      data=0x04000006 (len=4 B)
[FPGA3] RX #25      data=0x04000007 (len=4 B)
[FPGA3] RX #25      data=0x01000000 (len=4 B)
[FPGA3] RX #25      data=0x01000001 (len=4 B)
[FPGA3] RX #25      data=0x01000002 (len=4 B)
[FPGA3] RX #25      data=0x01000003 (len=4 B)
[FPGA3] RX #25      data=0x01000004 (len=4 B)
[FPGA3] RX #25      data=0x01000005 (len=4 B)
[FPGA3] RX #25      data=0x01000006 (len=4 B)
[FPGA3] RX #25      data=0x01000007 (len=4 B)
[FPGA3] RX #25      data=0x01000000 (len=4 B)
[FPGA3] TX #25.0  data=0x03000000
[FPGA3] TX #25.1  data=0x03000001
[FPGA3] TX #25.2  data=0x03000002
[FPGA3] RX #25      data=0x01000001 (len=4 B)
[FPGA3] TX #25.3  data=0x03000003
[FPGA3] RX #25      data=0x01000002 (len=4 B)
[FPGA3] TX #25.4  data=0x03000004
[FPGA3] RX #25      data=0x01000003 (len=4 B)
[FPGA3] TX #25.5  data=0x03000005
[FPGA3] RX #25      data=0x02000000 (len=4 B)
[FPGA3] TX #25.6  data=0x03000006
[FPGA3] RX #25      data=0x02000001 (len=4 B)
[FPGA3] TX #25.7  data=0x03000007
[FPGA3] RX #26      data=0x02000002 (len=4 B)
[FPGA3] RX #26      data=0x02000003 (len=4 B)
[FPGA3] RX #26      data=0x02000004 (len=4 B)
[FPGA3] RX #26      data=0x02000005 (len=4 B)
[FPGA3] RX #26      data=0x02000006 (len=4 B)
[FPGA3] RX #26      data=0x02000007 (len=4 B)
[FPGA3] RX #26      data=0x04000000 (len=4 B)
[FPGA3] RX #26      data=0x04000001 (len=4 B)
[FPGA3] RX #26      data=0x04000002 (len=4 B)
[FPGA3] RX #26      data=0x04000003 (len=4 B)
[FPGA3] RX #26      data=0x04000004 (len=4 B)
[FPGA3] TX #26.0  data=0x03000000
[FPGA3] TX #26.1  data=0x03000001
[FPGA3] TX #26.2  data=0x03000002
[FPGA3] TX #26.3  data=0x03000003
[FPGA3] RX #26      data=0x04000005 (len=4 B)
[FPGA3] TX #26.4  data=0x03000004
[FPGA3] RX #26      data=0x04000006 (len=4 B)
[FPGA3] TX #26.5  data=0x03000005
[FPGA3] RX #26      data=0x04000007 (len=4 B)
[FPGA3] TX #26.6  data=0x03000006
[FPGA3] RX #26      data=0x01000004 (len=4 B)
[FPGA3] TX #26.7  data=0x03000007
[FPGA3] RX #27      data=0x01000005 (len=4 B)
[FPGA3] RX #27      data=0x01000006 (len=4 B)
[FPGA3] RX #27      data=0x01000007 (len=4 B)
[FPGA3] RX #27      data=0x02000000 (len=4 B)
[FPGA3] RX #27      data=0x02000001 (len=4 B)
[FPGA3] RX #27      data=0x02000002 (len=4 B)
[FPGA3] RX #27      data=0x02000003 (len=4 B)
[FPGA3] RX #27      data=0x02000004 (len=4 B)
[FPGA3] RX #27      data=0x02000005 (len=4 B)
[FPGA3] RX #27      data=0x02000006 (len=4 B)
[FPGA3] RX #27      data=0x02000007 (len=4 B)
[FPGA3] RX #27      data=0x04000000 (len=4 B)
[FPGA3] TX #27.0  data=0x03000000
[FPGA3] TX #27.1  data=0x03000001
[FPGA3] TX #27.2  data=0x03000002
[FPGA3] TX #27.3  data=0x03000003
[FPGA3] RX #27      data=0x04000001 (len=4 B)
[FPGA3] TX #27.4  data=0x03000004
[FPGA3] RX #27      data=0x04000002 (len=4 B)
[FPGA3] TX #27.5  data=0x03000005
[FPGA3] RX #27      data=0x04000003 (len=4 B)
[FPGA3] TX #27.6  data=0x03000006
[FPGA3] RX #27      data=0x04000004 (len=4 B)
[FPGA3] TX #27.7  data=0x03000007
[FPGA3] RX #28      data=0x04000005 (len=4 B)
[FPGA3] RX #28      data=0x04000006 (len=4 B)
[FPGA3] RX #28      data=0x04000007 (len=4 B)
[FPGA3] RX #28      data=0x01000000 (len=4 B)
[FPGA3] RX #28      data=0x01000001 (len=4 B)
[FPGA3] RX #28      data=0x01000002 (len=4 B)
[FPGA3] RX #28      data=0x01000003 (len=4 B)
[FPGA3] RX #28      data=0x01000004 (len=4 B)
[FPGA3] RX #28      data=0x01000005 (len=4 B)
[FPGA3] RX #28      data=0x01000006 (len=4 B)
[FPGA3] RX #28      data=0x01000007 (len=4 B)
[FPGA3] RX #28      data=0x01000000 (len=4 B)
[FPGA3] TX #28.0  data=0x03000000
[FPGA3] TX #28.1  data=0x03000001
[FPGA3] TX #28.2  data=0x03000002
[FPGA3] TX #28.3  data=0x03000003
[FPGA3] RX #28      data=0x01000001 (len=4 B)
[FPGA3] TX #28.4  data=0x03000004
[FPGA3] RX #28      data=0x01000002 (len=4 B)
[FPGA3] TX #28.5  data=0x03000005
[FPGA3] RX #28      data=0x01000003 (len=4 B)
[FPGA3] TX #28.6  data=0x03000006
[FPGA3] RX #28      data=0x02000000 (len=4 B)
[FPGA3] TX #28.7  data=0x03000007
[FPGA3] RX #29      data=0x02000001 (len=4 B)
[FPGA3] RX #29      data=0x02000002 (len=4 B)
[FPGA3] RX #29      data=0x02000003 (len=4 B)
[FPGA3] RX #29      data=0x02000004 (len=4 B)
[FPGA3] RX #29      data=0x02000005 (len=4 B)
[FPGA3] RX #29      data=0x02000006 (len=4 B)
[FPGA3] RX #29      data=0x02000007 (len=4 B)
[FPGA3] RX #29      data=0x04000000 (len=4 B)
[FPGA3] RX #29      data=0x04000001 (len=4 B)
[FPGA3] RX #29      data=0x04000002 (len=4 B)
[FPGA3] RX #29      data=0x04000003 (len=4 B)
[FPGA3] RX #29      data=0x04000004 (len=4 B)
[FPGA3] TX #29.0  data=0x03000000
[FPGA3] TX #29.1  data=0x03000001
[FPGA3] TX #29.2  data=0x03000002
[FPGA3] TX #29.3  data=0x03000003
[FPGA3] RX #29      data=0x04000005 (len=4 B)
[FPGA3] TX #29.4  data=0x03000004
[FPGA3] RX #29      data=0x04000006 (len=4 B)
[FPGA3] TX #29.5  data=0x03000005
[FPGA3] RX #29      data=0x04000007 (len=4 B)
[FPGA3] TX #29.6  data=0x03000006
[FPGA3] RX #29      data=0x04000000 (len=4 B)
[FPGA3] TX #29.7  data=0x03000007
[FPGA3] RX #30      data=0x04000001 (len=4 B)
[FPGA3] RX #30      data=0x04000002 (len=4 B)
[FPGA3] RX #30      data=0x04000003 (len=4 B)
[FPGA3] RX #30      data=0x04000004 (len=4 B)
[FPGA3] RX #30      data=0x04000005 (len=4 B)
[FPGA3] RX #30      data=0x04000006 (len=4 B)
[FPGA3] RX #30      data=0x01000004 (len=4 B)
[FPGA3] RX #30      data=0x01000005 (len=4 B)
[FPGA3] RX #30      data=0x01000006 (len=4 B)
[FPGA3] RX #30      data=0x01000007 (len=4 B)
[FPGA3] RX #30      data=0x01000000 (len=4 B)
[FPGA3] RX #30      data=0x01000001 (len=4 B)
[FPGA3] TX #30.0  data=0x03000000
[FPGA3] TX #30.1  data=0x03000001
[FPGA3] TX #30.2  data=0x03000002
[FPGA3] TX #30.3  data=0x03000003
[FPGA3] RX #30      data=0x01000002 (len=4 B)
[FPGA3] TX #30.4  data=0x03000004
[FPGA3] RX #30      data=0x01000003 (len=4 B)
[FPGA3] TX #30.5  data=0x03000005
[FPGA3] RX #30      data=0x01000004 (len=4 B)
[FPGA3] TX #30.6  data=0x03000006
[FPGA3] RX #30      data=0x01000005 (len=4 B)
[FPGA3] TX #30.7  data=0x03000007
[FPGA3] RX #31      data=0x01000006 (len=4 B)
[FPGA3] RX #31      data=0x01000007 (len=4 B)
[FPGA3] RX #31      data=0x02000000 (len=4 B)
[FPGA3] RX #31      data=0x02000001 (len=4 B)
[FPGA3] RX #31      data=0x02000002 (len=4 B)
[FPGA3] RX #31      data=0x02000003 (len=4 B)
[FPGA3] RX #31      data=0x02000004 (len=4 B)
[FPGA3] RX #31      data=0x02000005 (len=4 B)
[FPGA3] RX #31      data=0x02000006 (len=4 B)
[FPGA3] RX #31      data=0x02000007 (len=4 B)
[FPGA3] RX #31      data=0x04000007 (len=4 B)
[FPGA3] TX #31.0  data=0x03000000
[FPGA3] TX #31.1  data=0x03000001
[FPGA3] TX #31.2  data=0x03000002
[FPGA3] RX #31      data=0x02000000 (len=4 B)
[FPGA3] TX #31.3  data=0x03000003
[FPGA3] RX #31      data=0x02000001 (len=4 B)
[FPGA3] TX #31.4  data=0x03000004
[FPGA3] RX #31      data=0x02000002 (len=4 B)
[FPGA3] TX #31.5  data=0x03000005
[FPGA3] RX #31      data=0x02000003 (len=4 B)
[FPGA3] TX #31.6  data=0x03000006
[FPGA3] RX #31      data=0x02000004 (len=4 B)
[FPGA3] TX #31.7  data=0x03000007
[FPGA3] RX #32      data=0x02000005 (len=4 B)
[FPGA3] RX #32      data=0x04000000 (len=4 B)
[FPGA3] RX #32      data=0x04000001 (len=4 B)
[FPGA3] RX #32      data=0x04000002 (len=4 B)
[FPGA3] RX #32      data=0x04000003 (len=4 B)
[FPGA3] RX #32      data=0x04000004 (len=4 B)
[FPGA3] RX #32      data=0x04000005 (len=4 B)
[FPGA3] RX #32      data=0x04000006 (len=4 B)
[FPGA3] RX #32      data=0x04000007 (len=4 B)
[FPGA3] RX #32      data=0x01000000 (len=4 B)
[FPGA3] RX #32      data=0x01000001 (len=4 B)
[FPGA3] TX #32.0  data=0x03000000
[FPGA3] TX #32.1  data=0x03000001
[FPGA3] TX #32.2  data=0x03000002
[FPGA3] RX #32      data=0x01000002 (len=4 B)
[FPGA3] TX #32.3  data=0x03000003
[FPGA3] RX #32      data=0x01000003 (len=4 B)
[FPGA3] TX #32.4  data=0x03000004
[FPGA3] RX #32      data=0x01000004 (len=4 B)
[FPGA3] TX #32.5  data=0x03000005
[FPGA3] RX #32      data=0x01000005 (len=4 B)
[FPGA3] TX #32.6  data=0x03000006
[FPGA3] RX #32      data=0x01000006 (len=4 B)
[FPGA3] TX #32.7  data=0x03000007
[FPGA3] RX #33      data=0x01000007 (len=4 B)
[FPGA3] RX #33      data=0x02000006 (len=4 B)
[FPGA3] RX #33      data=0x02000007 (len=4 B)
[FPGA3] RX #33      data=0x02000000 (len=4 B)
[FPGA3] RX #33      data=0x02000001 (len=4 B)
[FPGA3] RX #33      data=0x02000002 (len=4 B)
[FPGA3] RX #33      data=0x02000003 (len=4 B)
[FPGA3] RX #33      data=0x04000000 (len=4 B)
[FPGA3] RX #33      data=0x04000001 (len=4 B)
[FPGA3] RX #33      data=0x04000002 (len=4 B)
[FPGA3] RX #33      data=0x04000003 (len=4 B)
[FPGA3] TX #33.0  data=0x03000000
[FPGA3] TX #33.1  data=0x03000001
[FPGA3] TX #33.2  data=0x03000002
[FPGA3] TX #33.3  data=0x03000003
[FPGA3] RX #33      data=0x04000004 (len=4 B)
[FPGA3] TX #33.4  data=0x03000004
[FPGA3] RX #33      data=0x04000005 (len=4 B)
[FPGA3] TX #33.5  data=0x03000005
[FPGA3] RX #33      data=0x04000006 (len=4 B)
[FPGA3] TX #33.6  data=0x03000006
[FPGA3] RX #33      data=0x04000007 (len=4 B)
[FPGA3] TX #33.7  data=0x03000007
[FPGA3] RX #34      data=0x01000000 (len=4 B)
[FPGA3] RX #34      data=0x01000001 (len=4 B)
[FPGA3] RX #34      data=0x01000002 (len=4 B)
[FPGA3] RX #34      data=0x01000003 (len=4 B)
[FPGA3] RX #34      data=0x01000004 (len=4 B)
[FPGA3] RX #34      data=0x01000005 (len=4 B)
[FPGA3] RX #34      data=0x01000006 (len=4 B)
[FPGA3] RX #34      data=0x01000007 (len=4 B)
[FPGA3] RX #34      data=0x02000004 (len=4 B)
[FPGA3] RX #34      data=0x02000005 (len=4 B)
[FPGA3] RX #34      data=0x02000006 (len=4 B)
[FPGA3] RX #34      data=0x02000007 (len=4 B)
[FPGA3] TX #34.0  data=0x03000000
[FPGA3] TX #34.1  data=0x03000001
[FPGA3] TX #34.2  data=0x03000002
[FPGA3] TX #34.3  data=0x03000003
[FPGA3] RX #34      data=0x02000000 (len=4 B)
[FPGA3] TX #34.4  data=0x03000004
[FPGA3] RX #34      data=0x02000001 (len=4 B)
[FPGA3] TX #34.5  data=0x03000005
[FPGA3] RX #34      data=0x02000002 (len=4 B)
[FPGA3] TX #34.6  data=0x03000006
[FPGA3] RX #34      data=0x02000003 (len=4 B)
[FPGA3] TX #34.7  data=0x03000007
[FPGA3] RX #35      data=0x02000004 (len=4 B)
[FPGA3] RX #35      data=0x02000005 (len=4 B)
[FPGA3] RX #35      data=0x02000006 (len=4 B)
[FPGA3] RX #35      data=0x02000007 (len=4 B)
[FPGA3] RX #35      data=0x04000000 (len=4 B)
[FPGA3] RX #35      data=0x04000001 (len=4 B)
[FPGA3] RX #35      data=0x04000002 (len=4 B)
[FPGA3] RX #35      data=0x04000003 (len=4 B)
[FPGA3] RX #35      data=0x04000004 (len=4 B)
[FPGA3] RX #35      data=0x04000005 (len=4 B)
[FPGA3] RX #35      data=0x04000006 (len=4 B)
[FPGA3] RX #35      data=0x04000007 (len=4 B)
[FPGA3] TX #35.0  data=0x03000000
[FPGA3] TX #35.1  data=0x03000001
[FPGA3] TX #35.2  data=0x03000002
[FPGA3] TX #35.3  data=0x03000003
[FPGA3] RX #35      data=0x01000000 (len=4 B)
[FPGA3] TX #35.4  data=0x03000004
[FPGA3] RX #35      data=0x01000001 (len=4 B)
[FPGA3] TX #35.5  data=0x03000005
[FPGA3] RX #35      data=0x01000002 (len=4 B)
[FPGA3] TX #35.6  data=0x03000006
[FPGA3] RX #35      data=0x01000003 (len=4 B)
[FPGA3] TX #35.7  data=0x03000007
[FPGA3] RX #36      data=0x01000004 (len=4 B)
[FPGA3] RX #36      data=0x01000005 (len=4 B)
[FPGA3] RX #36      data=0x01000006 (len=4 B)
[FPGA3] RX #36      data=0x01000007 (len=4 B)
[FPGA3] RX #36      data=0x02000000 (len=4 B)
[FPGA3] RX #36      data=0x02000001 (len=4 B)
[FPGA3] RX #36      data=0x02000002 (len=4 B)
[FPGA3] RX #36      data=0x02000003 (len=4 B)
[FPGA3] RX #36      data=0x04000000 (len=4 B)
[FPGA3] RX #36      data=0x04000001 (len=4 B)
[FPGA3] RX #36      data=0x04000002 (len=4 B)
[FPGA3] RX #36      data=0x04000003 (len=4 B)
[FPGA3] TX #36.0  data=0x03000000
[FPGA3] TX #36.1  data=0x03000001
[FPGA3] TX #36.2  data=0x03000002
[FPGA3] TX #36.3  data=0x03000003
[FPGA3] RX #36      data=0x04000004 (len=4 B)
[FPGA3] TX #36.4  data=0x03000004
[FPGA3] RX #36      data=0x04000005 (len=4 B)
[FPGA3] TX #36.5  data=0x03000005
[FPGA3] RX #36      data=0x04000006 (len=4 B)
[FPGA3] TX #36.6  data=0x03000006
[FPGA3] RX #36      data=0x04000007 (len=4 B)
[FPGA3] TX #36.7  data=0x03000007
[FPGA3] RX #37      data=0x01000000 (len=4 B)
[FPGA3] RX #37      data=0x01000001 (len=4 B)
[FPGA3] RX #37      data=0x01000002 (len=4 B)
[FPGA3] RX #37      data=0x01000003 (len=4 B)
[FPGA3] RX #37      data=0x01000004 (len=4 B)
[FPGA3] RX #37      data=0x01000005 (len=4 B)
[FPGA3] RX #37      data=0x01000006 (len=4 B)
[FPGA3] RX #37      data=0x01000007 (len=4 B)
[FPGA3] RX #37      data=0x02000004 (len=4 B)
[FPGA3] RX #37      data=0x02000005 (len=4 B)
[FPGA3] RX #37      data=0x02000006 (len=4 B)
[FPGA3] TX #37.0  data=0x03000000
[FPGA3] TX #37.1  data=0x03000001
[FPGA3] TX #37.2  data=0x03000002
[FPGA3] RX #37      data=0x02000007 (len=4 B)
[FPGA3] TX #37.3  data=0x03000003
[FPGA3] RX #37      data=0x02000000 (len=4 B)
[FPGA3] TX #37.4  data=0x03000004
[FPGA3] RX #37      data=0x02000001 (len=4 B)
[FPGA3] TX #37.5  data=0x03000005
[FPGA3] RX #37      data=0x02000002 (len=4 B)
[FPGA3] TX #37.6  data=0x03000006
[FPGA3] RX #37      data=0x02000003 (len=4 B)
[FPGA3] TX #37.7  data=0x03000007
[FPGA3] RX #38      data=0x02000004 (len=4 B)
[FPGA3] RX #38      data=0x02000005 (len=4 B)
[FPGA3] RX #38      data=0x02000006 (len=4 B)
[FPGA3] RX #38      data=0x04000000 (len=4 B)
[FPGA3] RX #38      data=0x04000001 (len=4 B)
[FPGA3] RX #38      data=0x04000002 (len=4 B)
[FPGA3] RX #38      data=0x04000003 (len=4 B)
[FPGA3] RX #38      data=0x04000004 (len=4 B)
[FPGA3] RX #38      data=0x04000005 (len=4 B)
[FPGA3] RX #38      data=0x04000006 (len=4 B)
[FPGA3] RX #38      data=0x04000007 (len=4 B)
[FPGA3] TX #38.0  data=0x03000000
[FPGA3] TX #38.1  data=0x03000001
[FPGA3] TX #38.2  data=0x03000002
[FPGA3] RX #38      data=0x01000000 (len=4 B)
[FPGA3] TX #38.3  data=0x03000003
[FPGA3] RX #38      data=0x01000001 (len=4 B)
[FPGA3] TX #38.4  data=0x03000004
[FPGA3] RX #38      data=0x01000002 (len=4 B)
[FPGA3] TX #38.5  data=0x03000005
[FPGA3] RX #38      data=0x01000003 (len=4 B)
[FPGA3] TX #38.6  data=0x03000006
[FPGA3] RX #38      data=0x01000004 (len=4 B)
[FPGA3] TX #38.7  data=0x03000007
[FPGA3] RX #39      data=0x01000005 (len=4 B)
[FPGA3] RX #39      data=0x01000006 (len=4 B)
[FPGA3] RX #39      data=0x01000007 (len=4 B)
[FPGA3] RX #39      data=0x01000000 (len=4 B)
[FPGA3] RX #39      data=0x01000001 (len=4 B)
[FPGA3] RX #39      data=0x01000002 (len=4 B)
[FPGA3] RX #39      data=0x01000003 (len=4 B)
[FPGA3] RX #39      data=0x01000004 (len=4 B)
[FPGA3] RX #39      data=0x01000005 (len=4 B)
[FPGA3] RX #39      data=0x01000006 (len=4 B)
[FPGA3] RX #39      data=0x01000007 (len=4 B)
[FPGA3] TX #39.0  data=0x03000000
[FPGA3] TX #39.1  data=0x03000001
[FPGA3] TX #39.2  data=0x03000002
[FPGA3] RX #39      data=0x02000007 (len=4 B)
[FPGA3] TX #39.3  data=0x03000003
[FPGA3] RX #39      data=0x02000000 (len=4 B)
[FPGA3] TX #39.4  data=0x03000004
[FPGA3] RX #39      data=0x02000001 (len=4 B)
[FPGA3] TX #39.5  data=0x03000005
[FPGA3] RX #39      data=0x02000002 (len=4 B)
[FPGA3] TX #39.6  data=0x03000006
[FPGA3] RX #39      data=0x02000003 (len=4 B)
[FPGA3] TX #39.7  data=0x03000007
[FPGA3] RX #40      data=0x02000004 (len=4 B)
[FPGA3] RX #40      data=0x02000005 (len=4 B)
[FPGA3] RX #40      data=0x02000006 (len=4 B)
[FPGA3] RX #40      data=0x02000007 (len=4 B)
[FPGA3] RX #40      data=0x04000000 (len=4 B)
[FPGA3] RX #40      data=0x04000001 (len=4 B)
[FPGA3] RX #40      data=0x04000002 (len=4 B)
[FPGA3] RX #40      data=0x04000003 (len=4 B)
[FPGA3] RX #40      data=0x04000004 (len=4 B)
[FPGA3] RX #40      data=0x04000005 (len=4 B)
[FPGA3] RX #40      data=0x04000006 (len=4 B)
[FPGA3] TX #40.0  data=0x03000000
[FPGA3] TX #40.1  data=0x03000001
[FPGA3] TX #40.2  data=0x03000002
[FPGA3] TX #40.3  data=0x03000003
[FPGA3] RX #40      data=0x04000007 (len=4 B)
[FPGA3] TX #40.4  data=0x03000004
[FPGA3] RX #40      data=0x04000000 (len=4 B)
[FPGA3] TX #40.5  data=0x03000005
[FPGA3] RX #40      data=0x04000001 (len=4 B)
[FPGA3] TX #40.6  data=0x03000006
[FPGA3] RX #40      data=0x04000002 (len=4 B)
[FPGA3] TX #40.7  data=0x03000007
[FPGA3] RX #41      data=0x04000003 (len=4 B)
[FPGA3] RX #41      data=0x04000004 (len=4 B)
[FPGA3] RX #41      data=0x04000005 (len=4 B)
[FPGA3] RX #41      data=0x04000006 (len=4 B)
[FPGA3] RX #41      data=0x02000000 (len=4 B)
[FPGA3] RX #41      data=0x02000001 (len=4 B)
[FPGA3] RX #41      data=0x02000002 (len=4 B)
[FPGA3] RX #41      data=0x02000003 (len=4 B)
[FPGA3] RX #41      data=0x02000004 (len=4 B)
[FPGA3] RX #41      data=0x02000005 (len=4 B)
[FPGA3] RX #41      data=0x02000006 (len=4 B)
[FPGA3] RX #41      data=0x02000007 (len=4 B)
[FPGA3] TX #41.0  data=0x03000000
[FPGA3] TX #41.1  data=0x03000001
[FPGA3] TX #41.2  data=0x03000002
[FPGA3] TX #41.3  data=0x03000003
[FPGA3] RX #41      data=0x01000000 (len=4 B)
[FPGA3] TX #41.4  data=0x03000004
[FPGA3] RX #41      data=0x01000001 (len=4 B)
[FPGA3] TX #41.5  data=0x03000005
[FPGA3] RX #41      data=0x01000002 (len=4 B)
[FPGA3] TX #41.6  data=0x03000006
[FPGA3] RX #41      data=0x01000003 (len=4 B)
[FPGA3] TX #41.7  data=0x03000007
[FPGA3] RX #42      data=0x01000004 (len=4 B)
[FPGA3] RX #42      data=0x01000005 (len=4 B)
[FPGA3] RX #42      data=0x01000006 (len=4 B)
[FPGA3] RX #42      data=0x01000007 (len=4 B)
[FPGA3] RX #42      data=0x04000007 (len=4 B)
[FPGA3] RX #42      data=0x04000000 (len=4 B)
[FPGA3] RX #42      data=0x04000001 (len=4 B)
[FPGA3] RX #42      data=0x04000002 (len=4 B)
[FPGA3] RX #42      data=0x04000003 (len=4 B)
[FPGA3] RX #42      data=0x04000004 (len=4 B)
[FPGA3] RX #42      data=0x04000005 (len=4 B)
[FPGA3] RX #42      data=0x04000006 (len=4 B)
[FPGA3] TX #42.0  data=0x03000000
[FPGA3] TX #42.1  data=0x03000001
[FPGA3] TX #42.2  data=0x03000002
[FPGA3] TX #42.3  data=0x03000003
[FPGA3] RX #42      data=0x02000000 (len=4 B)
[FPGA3] TX #42.4  data=0x03000004
[FPGA3] RX #42      data=0x02000001 (len=4 B)
[FPGA3] TX #42.5  data=0x03000005
[FPGA3] RX #42      data=0x02000002 (len=4 B)
[FPGA3] TX #42.6  data=0x03000006
[FPGA3] RX #42      data=0x02000003 (len=4 B)
[FPGA3] TX #42.7  data=0x03000007
[FPGA3] RX #43      data=0x02000004 (len=4 B)
[FPGA3] RX #43      data=0x02000005 (len=4 B)
[FPGA3] RX #43      data=0x02000006 (len=4 B)
[FPGA3] RX #43      data=0x02000007 (len=4 B)
[FPGA3] RX #43      data=0x01000000 (len=4 B)
[FPGA3] RX #43      data=0x01000001 (len=4 B)
[FPGA3] RX #43      data=0x01000002 (len=4 B)
[FPGA3] RX #43      data=0x01000003 (len=4 B)
[FPGA3] RX #43      data=0x01000004 (len=4 B)
[FPGA3] RX #43      data=0x01000005 (len=4 B)
[FPGA3] RX #43      data=0x01000006 (len=4 B)
[FPGA3] RX #43      data=0x01000007 (len=4 B)
[FPGA3] TX #43.0  data=0x03000000
[FPGA3] TX #43.1  data=0x03000001
[FPGA3] TX #43.2  data=0x03000002
[FPGA3] TX #43.3  data=0x03000003
[FPGA3] RX #43      data=0x01000000 (len=4 B)
[FPGA3] TX #43.4  data=0x03000004
[FPGA3] RX #43      data=0x01000001 (len=4 B)
[FPGA3] TX #43.5  data=0x03000005
[FPGA3] RX #43      data=0x01000002 (len=4 B)
[FPGA3] TX #43.6  data=0x03000006
[FPGA3] RX #43      data=0x01000003 (len=4 B)
[FPGA3] TX #43.7  data=0x03000007
[FPGA3] RX #44      data=0x01000004 (len=4 B)
[FPGA3] RX #44      data=0x01000005 (len=4 B)
[FPGA3] RX #44      data=0x01000006 (len=4 B)
[FPGA3] RX #44      data=0x01000007 (len=4 B)
[FPGA3] RX #44      data=0x04000007 (len=4 B)
[FPGA3] RX #44      data=0x04000000 (len=4 B)
[FPGA3] RX #44      data=0x04000001 (len=4 B)
[FPGA3] RX #44      data=0x04000002 (len=4 B)
[FPGA3] RX #44      data=0x04000003 (len=4 B)
[FPGA3] RX #44      data=0x04000004 (len=4 B)
[FPGA3] RX #44      data=0x04000005 (len=4 B)
[FPGA3] TX #44.0  data=0x03000000
[FPGA3] TX #44.1  data=0x03000001
[FPGA3] TX #44.2  data=0x03000002
[FPGA3] RX #44      data=0x04000006 (len=4 B)
[FPGA3] TX #44.3  data=0x03000003
[FPGA3] RX #44      data=0x04000007 (len=4 B)
[FPGA3] TX #44.4  data=0x03000004
[FPGA3] RX #44      data=0x02000000 (len=4 B)
[FPGA3] TX #44.5  data=0x03000005
[FPGA3] RX #44      data=0x02000001 (len=4 B)
[FPGA3] TX #44.6  data=0x03000006
[FPGA3] RX #44      data=0x02000002 (len=4 B)
[FPGA3] TX #44.7  data=0x03000007
[FPGA3] RX #45      data=0x02000003 (len=4 B)
[FPGA3] RX #45      data=0x02000004 (len=4 B)
[FPGA3] RX #45      data=0x02000005 (len=4 B)
[FPGA3] RX #45      data=0x02000006 (len=4 B)
[FPGA3] RX #45      data=0x02000007 (len=4 B)
[FPGA3] RX #45      data=0x02000000 (len=4 B)
[FPGA3] RX #45      data=0x02000001 (len=4 B)
[FPGA3] RX #45      data=0x02000002 (len=4 B)
[FPGA3] RX #45      data=0x02000003 (len=4 B)
[FPGA3] RX #45      data=0x01000000 (len=4 B)
[FPGA3] RX #45      data=0x01000001 (len=4 B)
[FPGA3] TX #45.0  data=0x03000000
[FPGA3] TX #45.1  data=0x03000001
[FPGA3] TX #45.2  data=0x03000002
[FPGA3] RX #45      data=0x01000002 (len=4 B)
[FPGA3] TX #45.3  data=0x03000003
[FPGA3] RX #45      data=0x01000003 (len=4 B)
[FPGA3] TX #45.4  data=0x03000004
[FPGA3] RX #45      data=0x01000004 (len=4 B)
[FPGA3] TX #45.5  data=0x03000005
[FPGA3] RX #45      data=0x01000005 (len=4 B)
[FPGA3] TX #45.6  data=0x03000006
[FPGA3] RX #45      data=0x01000006 (len=4 B)
[FPGA3] TX #45.7  data=0x03000007
[FPGA3] RX #46      data=0x01000007 (len=4 B)
[FPGA3] RX #46      data=0x04000000 (len=4 B)
[FPGA3] RX #46      data=0x04000001 (len=4 B)
[FPGA3] RX #46      data=0x04000002 (len=4 B)
[FPGA3] RX #46      data=0x04000003 (len=4 B)
[FPGA3] RX #46      data=0x04000004 (len=4 B)
[FPGA3] RX #46      data=0x04000005 (len=4 B)
[FPGA3] RX #46      data=0x04000006 (len=4 B)
[FPGA3] RX #46      data=0x04000007 (len=4 B)
[FPGA3] RX #46      data=0x02000004 (len=4 B)
[FPGA3] RX #46      data=0x02000005 (len=4 B)
[FPGA3] TX #46.0  data=0x03000000
[FPGA3] TX #46.1  data=0x03000001
[FPGA3] TX #46.2  data=0x03000002
[FPGA3] TX #46.3  data=0x03000003
[FPGA3] RX #46      data=0x02000006 (len=4 B)
[FPGA3] TX #46.4  data=0x03000004
[FPGA3] RX #46      data=0x02000007 (len=4 B)
[FPGA3] TX #46.5  data=0x03000005
[FPGA3] RX #46      data=0x01000000 (len=4 B)
[FPGA3] TX #46.6  data=0x03000006
[FPGA3] RX #46      data=0x01000001 (len=4 B)
[FPGA3] TX #46.7  data=0x03000007
[FPGA3] RX #47      data=0x01000002 (len=4 B)
[FPGA3] RX #47      data=0x01000003 (len=4 B)
[FPGA3] RX #47      data=0x01000004 (len=4 B)
[FPGA3] RX #47      data=0x01000005 (len=4 B)
[FPGA3] RX #47      data=0x01000006 (len=4 B)
[FPGA3] RX #47      data=0x01000007 (len=4 B)
[FPGA3] RX #47      data=0x02000000 (len=4 B)
[FPGA3] RX #47      data=0x02000001 (len=4 B)
[FPGA3] RX #47      data=0x02000002 (len=4 B)
[FPGA3] RX #47      data=0x02000003 (len=4 B)
[FPGA3] RX #47      data=0x02000004 (len=4 B)
[FPGA3] RX #47      data=0x02000005 (len=4 B)
[FPGA3] TX #47.0  data=0x03000000
[FPGA3] TX #47.1  data=0x03000001
[FPGA3] TX #47.2  data=0x03000002
[FPGA3] TX #47.3  data=0x03000003
[FPGA3] RX #47      data=0x02000006 (len=4 B)
[FPGA3] TX #47.4  data=0x03000004
[FPGA3] RX #47      data=0x02000007 (len=4 B)
[FPGA3] TX #47.5  data=0x03000005
[FPGA3] RX #47      data=0x04000000 (len=4 B)
[FPGA3] TX #47.6  data=0x03000006
[FPGA3] RX #47      data=0x04000001 (len=4 B)
[FPGA3] TX #47.7  data=0x03000007
[FPGA3] RX #48      data=0x04000002 (len=4 B)
[FPGA3] RX #48      data=0x04000003 (len=4 B)
[FPGA3] RX #48      data=0x04000004 (len=4 B)
[FPGA3] RX #48      data=0x04000005 (len=4 B)
[FPGA3] RX #48      data=0x04000006 (len=4 B)
[FPGA3] RX #48      data=0x04000007 (len=4 B)
[FPGA3] RX #48      data=0x01000000 (len=4 B)
[FPGA3] RX #48      data=0x01000001 (len=4 B)
[FPGA3] RX #48      data=0x01000002 (len=4 B)
[FPGA3] RX #48      data=0x01000003 (len=4 B)
[FPGA3] RX #48      data=0x01000004 (len=4 B)
[FPGA3] RX #48      data=0x01000005 (len=4 B)
[FPGA3] TX #48.0  data=0x03000000
[FPGA3] TX #48.1  data=0x03000001
[FPGA3] TX #48.2  data=0x03000002
[FPGA3] TX #48.3  data=0x03000003
[FPGA3] RX #48      data=0x02000000 (len=4 B)
[FPGA3] TX #48.4  data=0x03000004
[FPGA3] RX #48      data=0x02000001 (len=4 B)
[FPGA3] TX #48.5  data=0x03000005
[FPGA3] RX #48      data=0x02000002 (len=4 B)
[FPGA3] TX #48.6  data=0x03000006
[FPGA3] RX #48      data=0x02000003 (len=4 B)
[FPGA3] TX #48.7  data=0x03000007
[FPGA3] RX #49      data=0x02000004 (len=4 B)
[FPGA3] RX #49      data=0x02000005 (len=4 B)
[FPGA3] RX #49      data=0x02000006 (len=4 B)
[FPGA3] RX #49      data=0x02000007 (len=4 B)
[FPGA3] RX #49      data=0x04000000 (len=4 B)
[FPGA3] RX #49      data=0x04000001 (len=4 B)
[FPGA3] RX #49      data=0x04000002 (len=4 B)
[FPGA3] RX #49      data=0x04000003 (len=4 B)
[FPGA3] RX #49      data=0x04000004 (len=4 B)
[FPGA3] RX #49      data=0x04000005 (len=4 B)
[FPGA3] RX #49      data=0x04000006 (len=4 B)
[FPGA3] RX #49      data=0x04000007 (len=4 B)
[FPGA3] TX #49.0  data=0x03000000
[FPGA3] TX #49.1  data=0x03000001
[FPGA3] TX #49.2  data=0x03000002
[FPGA3] TX #49.3  data=0x03000003
[FPGA3] RX #49      data=0x01000006 (len=4 B)
[FPGA3] TX #49.4  data=0x03000004
[FPGA3] RX #49      data=0x01000007 (len=4 B)
[FPGA3] TX #49.5  data=0x03000005
[FPGA3] RX #49      data=0x01000000 (len=4 B)
[FPGA3] TX #49.6  data=0x03000006
[FPGA3] RX #49      data=0x01000001 (len=4 B)
[FPGA3] TX #49.7  data=0x03000007
[FPGA3] RX #50      data=0x01000002 (len=4 B)
[FPGA3] RX #50      data=0x01000003 (len=4 B)
[FPGA3] RX #50      data=0x02000000 (len=4 B)
[FPGA3] RX #50      data=0x02000001 (len=4 B)
[FPGA3] RX #50      data=0x02000002 (len=4 B)
[FPGA3] RX #50      data=0x02000003 (len=4 B)
[FPGA3] RX #50      data=0x02000004 (len=4 B)
[FPGA3] RX #50      data=0x02000005 (len=4 B)
[FPGA3] RX #50      data=0x02000006 (len=4 B)
[FPGA3] RX #50      data=0x02000007 (len=4 B)
[FPGA3] RX #50      data=0x01000004 (len=4 B)
[FPGA3] RX #50      data=0x01000005 (len=4 B)
[FPGA3] TX #50.0  data=0x03000000
[FPGA3] TX #50.1  data=0x03000001
[FPGA3] TX #50.2  data=0x03000002
[FPGA3] TX #50.3  data=0x03000003
[FPGA3] RX #50      data=0x01000006 (len=4 B)
[FPGA3] TX #50.4  data=0x03000004
[FPGA3] RX #50      data=0x01000007 (len=4 B)
[FPGA3] TX #50.5  data=0x03000005
[FPGA3] RX #50      data=0x01000000 (len=4 B)
[FPGA3] TX #50.6  data=0x03000006
[FPGA3] RX #50      data=0x01000001 (len=4 B)
[FPGA3] TX #50.7  data=0x03000007
[FPGA3] RX #51      data=0x01000002 (len=4 B)
[FPGA3] RX #51      data=0x01000003 (len=4 B)
[FPGA3] RX #51      data=0x04000000 (len=4 B)
[FPGA3] RX #51      data=0x04000001 (len=4 B)
[FPGA3] RX #51      data=0x04000002 (len=4 B)
[FPGA3] RX #51      data=0x04000003 (len=4 B)
[FPGA3] RX #51      data=0x04000004 (len=4 B)
[FPGA3] RX #51      data=0x04000005 (len=4 B)
[FPGA3] RX #51      data=0x04000006 (len=4 B)
[FPGA3] RX #51      data=0x04000007 (len=4 B)
[FPGA3] RX #51      data=0x02000000 (len=4 B)
[FPGA3] TX #51.0  data=0x03000000
[FPGA3] TX #51.1  data=0x03000001
[FPGA3] TX #51.2  data=0x03000002
[FPGA3] RX #51      data=0x02000001 (len=4 B)
[FPGA3] TX #51.3  data=0x03000003
[FPGA3] RX #51      data=0x02000002 (len=4 B)
[FPGA3] TX #51.4  data=0x03000004
[FPGA3] RX #51      data=0x02000003 (len=4 B)
[FPGA3] TX #51.5  data=0x03000005
[FPGA3] RX #51      data=0x02000004 (len=4 B)
[FPGA3] TX #51.6  data=0x03000006
[FPGA3] RX #51      data=0x02000005 (len=4 B)
[FPGA3] TX #51.7  data=0x03000007
[FPGA3] RX #52      data=0x02000006 (len=4 B)
[FPGA3] RX #52      data=0x02000007 (len=4 B)
[FPGA3] RX #52      data=0x01000004 (len=4 B)
[FPGA3] RX #52      data=0x01000005 (len=4 B)
[FPGA3] RX #52      data=0x01000006 (len=4 B)
[FPGA3] RX #52      data=0x01000007 (len=4 B)
[FPGA3] RX #52      data=0x01000000 (len=4 B)
[FPGA3] RX #52      data=0x01000001 (len=4 B)
[FPGA3] RX #52      data=0x01000002 (len=4 B)
[FPGA3] RX #52      data=0x01000003 (len=4 B)
[FPGA3] RX #52      data=0x01000004 (len=4 B)
[FPGA3] TX #52.0  data=0x03000000
[FPGA3] TX #52.1  data=0x03000001
[FPGA3] TX #52.2  data=0x03000002
[FPGA3] RX #52      data=0x01000005 (len=4 B)
[FPGA3] TX #52.3  data=0x03000003
[FPGA3] RX #52      data=0x01000006 (len=4 B)
[FPGA3] TX #52.4  data=0x03000004
[FPGA3] RX #52      data=0x04000000 (len=4 B)
[FPGA3] TX #52.5  data=0x03000005
[FPGA3] RX #52      data=0x04000001 (len=4 B)
[FPGA3] TX #52.6  data=0x03000006
[FPGA3] RX #52      data=0x04000002 (len=4 B)
[FPGA3] TX #52.7  data=0x03000007
[FPGA3] RX #53      data=0x04000003 (len=4 B)
[FPGA3] RX #53      data=0x04000004 (len=4 B)
[FPGA3] RX #53      data=0x04000005 (len=4 B)
[FPGA3] RX #53      data=0x04000006 (len=4 B)
[FPGA3] RX #53      data=0x04000007 (len=4 B)
[FPGA3] RX #53      data=0x04000000 (len=4 B)
[FPGA3] RX #53      data=0x04000001 (len=4 B)
[FPGA3] RX #53      data=0x04000002 (len=4 B)
[FPGA3] RX #53      data=0x04000003 (len=4 B)
[FPGA3] RX #53      data=0x04000004 (len=4 B)
[FPGA3] RX #53      data=0x04000005 (len=4 B)
[FPGA3] TX #53.0  data=0x03000000
[FPGA3] TX #53.1  data=0x03000001
[FPGA3] TX #53.2  data=0x03000002
[FPGA3] TX #53.3  data=0x03000003
[FPGA3] RX #53      data=0x04000006 (len=4 B)
[FPGA3] TX #53.4  data=0x03000004
[FPGA3] RX #53      data=0x04000007 (len=4 B)
[FPGA3] TX #53.5  data=0x03000005
[FPGA3] RX #53      data=0x02000000 (len=4 B)
[FPGA3] TX #53.6  data=0x03000006
[FPGA3] RX #53      data=0x02000001 (len=4 B)
[FPGA3] TX #53.7  data=0x03000007
[FPGA3] RX #54      data=0x02000002 (len=4 B)
[FPGA3] RX #54      data=0x02000003 (len=4 B)
[FPGA3] RX #54      data=0x02000004 (len=4 B)
[FPGA3] RX #54      data=0x02000005 (len=4 B)
[FPGA3] RX #54      data=0x02000006 (len=4 B)
[FPGA3] RX #54      data=0x02000007 (len=4 B)
[FPGA3] RX #54      data=0x02000000 (len=4 B)
[FPGA3] RX #54      data=0x02000001 (len=4 B)
[FPGA3] RX #54      data=0x02000002 (len=4 B)
[FPGA3] RX #54      data=0x02000003 (len=4 B)
[FPGA3] RX #54      data=0x01000007 (len=4 B)
[FPGA3] RX #54      data=0x01000000 (len=4 B)
[FPGA3] TX #54.0  data=0x03000000
[FPGA3] TX #54.1  data=0x03000001
[FPGA3] TX #54.2  data=0x03000002
[FPGA3] TX #54.3  data=0x03000003
[FPGA3] RX #54      data=0x01000001 (len=4 B)
[FPGA3] TX #54.4  data=0x03000004
[FPGA3] RX #54      data=0x01000002 (len=4 B)
[FPGA3] TX #54.5  data=0x03000005
[FPGA3] RX #54      data=0x01000003 (len=4 B)
[FPGA3] TX #54.6  data=0x03000006
[FPGA3] RX #54      data=0x01000004 (len=4 B)
[FPGA3] TX #54.7  data=0x03000007
[FPGA3] RX #55      data=0x01000005 (len=4 B)
[FPGA3] RX #55      data=0x01000006 (len=4 B)
[FPGA3] RX #55      data=0x01000007 (len=4 B)
[FPGA3] RX #55      data=0x04000000 (len=4 B)
[FPGA3] RX #55      data=0x04000001 (len=4 B)
[FPGA3] RX #55      data=0x04000002 (len=4 B)
[FPGA3] RX #55      data=0x04000003 (len=4 B)
[FPGA3] RX #55      data=0x04000004 (len=4 B)
[FPGA3] RX #55      data=0x04000005 (len=4 B)
[FPGA3] RX #55      data=0x04000006 (len=4 B)
[FPGA3] RX #55      data=0x04000007 (len=4 B)
[FPGA3] RX #55      data=0x02000004 (len=4 B)
[FPGA3] TX #55.0  data=0x03000000
[FPGA3] TX #55.1  data=0x03000001
[FPGA3] TX #55.2  data=0x03000002
[FPGA3] TX #55.3  data=0x03000003
[FPGA3] RX #55      data=0x02000005 (len=4 B)
[FPGA3] TX #55.4  data=0x03000004
[FPGA3] RX #55      data=0x02000006 (len=4 B)
[FPGA3] TX #55.5  data=0x03000005
[FPGA3] RX #55      data=0x02000007 (len=4 B)
[FPGA3] TX #55.6  data=0x03000006
[FPGA3] RX #55      data=0x01000000 (len=4 B)
[FPGA3] TX #55.7  data=0x03000007
[FPGA3] RX #56      data=0x01000001 (len=4 B)
[FPGA3] RX #56      data=0x01000002 (len=4 B)
[FPGA3] RX #56      data=0x01000003 (len=4 B)
[FPGA3] RX #56      data=0x01000004 (len=4 B)
[FPGA3] RX #56      data=0x01000005 (len=4 B)
[FPGA3] RX #56      data=0x01000006 (len=4 B)
[FPGA3] RX #56      data=0x01000007 (len=4 B)
[FPGA3] RX #56      data=0x02000000 (len=4 B)
[FPGA3] RX #56      data=0x02000001 (len=4 B)
[FPGA3] RX #56      data=0x02000002 (len=4 B)
[FPGA3] RX #56      data=0x02000003 (len=4 B)
[FPGA3] RX #56      data=0x02000004 (len=4 B)
[FPGA3] TX #56.0  data=0x03000000
[FPGA3] TX #56.1  data=0x03000001
[FPGA3] TX #56.2  data=0x03000002
[FPGA3] TX #56.3  data=0x03000003
[FPGA3] RX #56      data=0x02000005 (len=4 B)
[FPGA3] TX #56.4  data=0x03000004
[FPGA3] RX #56      data=0x02000006 (len=4 B)
[FPGA3] TX #56.5  data=0x03000005
[FPGA3] RX #56      data=0x02000007 (len=4 B)
[FPGA3] TX #56.6  data=0x03000006
[FPGA3] RX #56      data=0x04000000 (len=4 B)
[FPGA3] TX #56.7  data=0x03000007
[FPGA3] RX #57      data=0x04000001 (len=4 B)
[FPGA3] RX #57      data=0x04000002 (len=4 B)
[FPGA3] RX #57      data=0x04000003 (len=4 B)
[FPGA3] RX #57      data=0x04000004 (len=4 B)
[FPGA3] RX #57      data=0x04000005 (len=4 B)
[FPGA3] RX #57      data=0x04000006 (len=4 B)
[FPGA3] RX #57      data=0x04000007 (len=4 B)
[FPGA3] RX #57      data=0x01000000 (len=4 B)
[FPGA3] RX #57      data=0x01000001 (len=4 B)
[FPGA3] RX #57      data=0x01000002 (len=4 B)
[FPGA3] RX #57      data=0x01000003 (len=4 B)
[FPGA3] RX #57      data=0x01000004 (len=4 B)
[FPGA3] TX #57.0  data=0x03000000
[FPGA3] TX #57.1  data=0x03000001
[FPGA3] TX #57.2  data=0x03000002
[FPGA3] TX #57.3  data=0x03000003
[FPGA3] RX #57      data=0x01000005 (len=4 B)
[FPGA3] TX #57.4  data=0x03000004
[FPGA3] RX #57      data=0x01000006 (len=4 B)
[FPGA3] TX #57.5  data=0x03000005
[FPGA3] RX #57      data=0x01000007 (len=4 B)
[FPGA3] TX #57.6  data=0x03000006
[FPGA3] RX #57      data=0x02000000 (len=4 B)
[FPGA3] TX #57.7  data=0x03000007
[FPGA3] RX #58      data=0x02000001 (len=4 B)
[FPGA3] RX #58      data=0x02000002 (len=4 B)
[FPGA3] RX #58      data=0x02000003 (len=4 B)
[FPGA3] RX #58      data=0x02000004 (len=4 B)
[FPGA3] RX #58      data=0x02000005 (len=4 B)
[FPGA3] RX #58      data=0x02000006 (len=4 B)
[FPGA3] RX #58      data=0x02000007 (len=4 B)
[FPGA3] RX #58      data=0x04000000 (len=4 B)
[FPGA3] RX #58      data=0x04000001 (len=4 B)
[FPGA3] RX #58      data=0x04000002 (len=4 B)
[FPGA3] RX #58      data=0x04000003 (len=4 B)
[FPGA3] TX #58.0  data=0x03000000
[FPGA3] TX #58.1  data=0x03000001
[FPGA3] TX #58.2  data=0x03000002
[FPGA3] RX #58      data=0x04000004 (len=4 B)
[FPGA3] TX #58.3  data=0x03000003
[FPGA3] RX #58      data=0x04000005 (len=4 B)
[FPGA3] TX #58.4  data=0x03000004
[FPGA3] RX #58      data=0x04000006 (len=4 B)
[FPGA3] TX #58.5  data=0x03000005
[FPGA3] RX #58      data=0x04000007 (len=4 B)
[FPGA3] TX #58.6  data=0x03000006
[FPGA3] RX #58      data=0x01000000 (len=4 B)
[FPGA3] TX #58.7  data=0x03000007
[FPGA3] RX #59      data=0x01000001 (len=4 B)
[FPGA3] RX #59      data=0x01000002 (len=4 B)
[FPGA3] RX #59      data=0x01000003 (len=4 B)
[FPGA3] RX #59      data=0x01000004 (len=4 B)
[FPGA3] RX #59      data=0x01000005 (len=4 B)
[FPGA3] RX #59      data=0x01000006 (len=4 B)
[FPGA3] RX #59      data=0x01000007 (len=4 B)
[FPGA3] RX #59      data=0x02000000 (len=4 B)
[FPGA3] RX #59      data=0x02000001 (len=4 B)
[FPGA3] RX #59      data=0x02000002 (len=4 B)
[FPGA3] RX #59      data=0x02000003 (len=4 B)
[FPGA3] TX #59.0  data=0x03000000
[FPGA3] TX #59.1  data=0x03000001
[FPGA3] TX #59.2  data=0x03000002
[FPGA3] RX #59      data=0x02000004 (len=4 B)
[FPGA3] TX #59.3  data=0x03000003
[FPGA3] RX #59      data=0x02000005 (len=4 B)
[FPGA3] TX #59.4  data=0x03000004
[FPGA3] RX #59      data=0x02000006 (len=4 B)
[FPGA3] TX #59.5  data=0x03000005
[FPGA3] RX #59      data=0x02000007 (len=4 B)
[FPGA3] TX #59.6  data=0x03000006
[FPGA3] RX #59      data=0x04000000 (len=4 B)
[FPGA3] TX #59.7  data=0x03000007
[FPGA3] RX #60      data=0x04000001 (len=4 B)
[FPGA3] RX #60      data=0x04000002 (len=4 B)
[FPGA3] RX #60      data=0x04000003 (len=4 B)
[FPGA3] RX #60      data=0x04000004 (len=4 B)
[FPGA3] RX #60      data=0x04000005 (len=4 B)
[FPGA3] RX #60      data=0x04000006 (len=4 B)
[FPGA3] RX #60      data=0x04000007 (len=4 B)
[FPGA3] RX #60      data=0x02000000 (len=4 B)
[FPGA3] RX #60      data=0x02000001 (len=4 B)
[FPGA3] RX #60      data=0x02000002 (len=4 B)
[FPGA3] RX #60      data=0x02000003 (len=4 B)
[FPGA3] TX #60.0  data=0x03000000
[FPGA3] TX #60.1  data=0x03000001
[FPGA3] TX #60.2  data=0x03000002
[FPGA3] TX #60.3  data=0x03000003
[FPGA3] RX #60      data=0x02000004 (len=4 B)
[FPGA3] TX #60.4  data=0x03000004
[FPGA3] RX #60      data=0x02000005 (len=4 B)
[FPGA3] TX #60.5  data=0x03000005
[FPGA3] RX #60      data=0x02000006 (len=4 B)
[FPGA3] TX #60.6  data=0x03000006
[FPGA3] RX #60      data=0x02000007 (len=4 B)
[FPGA3] TX #60.7  data=0x03000007
[FPGA3] RX #61      data=0x01000000 (len=4 B)
[FPGA3] RX #61      data=0x01000001 (len=4 B)
[FPGA3] RX #61      data=0x01000002 (len=4 B)
[FPGA3] RX #61      data=0x01000003 (len=4 B)
[FPGA3] RX #61      data=0x01000004 (len=4 B)
[FPGA3] RX #61      data=0x01000005 (len=4 B)
[FPGA3] RX #61      data=0x01000006 (len=4 B)
[FPGA3] RX #61      data=0x01000007 (len=4 B)
[FPGA3] RX #61      data=0x04000000 (len=4 B)
[FPGA3] RX #61      data=0x04000001 (len=4 B)
[FPGA3] RX #61      data=0x04000002 (len=4 B)
[FPGA3] RX #61      data=0x04000003 (len=4 B)
[FPGA3] TX #61.0  data=0x03000000
[FPGA3] TX #61.1  data=0x03000001
[FPGA3] TX #61.2  data=0x03000002
[FPGA3] TX #61.3  data=0x03000003
[FPGA3] RX #61      data=0x04000004 (len=4 B)
[FPGA3] TX #61.4  data=0x03000004
[FPGA3] RX #61      data=0x04000005 (len=4 B)
[FPGA3] TX #61.5  data=0x03000005
[FPGA3] RX #61      data=0x04000006 (len=4 B)
[FPGA3] TX #61.6  data=0x03000006
[FPGA3] RX #61      data=0x04000007 (len=4 B)
[FPGA3] TX #61.7  data=0x03000007
[FPGA3] RX #62      data=0x02000000 (len=4 B)
[FPGA3] RX #62      data=0x02000001 (len=4 B)
[FPGA3] RX #62      data=0x02000002 (len=4 B)
[FPGA3] RX #62      data=0x02000003 (len=4 B)
[FPGA3] RX #62      data=0x02000004 (len=4 B)
[FPGA3] RX #62      data=0x02000005 (len=4 B)
[FPGA3] RX #62      data=0x02000006 (len=4 B)
[FPGA3] RX #62      data=0x02000007 (len=4 B)
[FPGA3] RX #62      data=0x01000000 (len=4 B)
[FPGA3] RX #62      data=0x01000001 (len=4 B)
[FPGA3] RX #62      data=0x01000002 (len=4 B)
[FPGA3] RX #62      data=0x01000003 (len=4 B)
[FPGA3] TX #62.0  data=0x03000000
[FPGA3] TX #62.1  data=0x03000001
[FPGA3] TX #62.2  data=0x03000002
[FPGA3] TX #62.3  data=0x03000003
[FPGA3] RX #62      data=0x01000004 (len=4 B)
[FPGA3] TX #62.4  data=0x03000004
[FPGA3] RX #62      data=0x01000005 (len=4 B)
[FPGA3] TX #62.5  data=0x03000005
[FPGA3] RX #62      data=0x01000006 (len=4 B)
[FPGA3] TX #62.6  data=0x03000006
[FPGA3] RX #62      data=0x01000007 (len=4 B)
[FPGA3] TX #62.7  data=0x03000007
[FPGA3] RX #63      data=0x04000000 (len=4 B)
[FPGA3] RX #63      data=0x04000001 (len=4 B)
[FPGA3] RX #63      data=0x04000002 (len=4 B)
[FPGA3] RX #63      data=0x04000003 (len=4 B)
[FPGA3] RX #63      data=0x04000004 (len=4 B)
[FPGA3] RX #63      data=0x04000005 (len=4 B)
[FPGA3] RX #63      data=0x04000006 (len=4 B)
[FPGA3] RX #63      data=0x04000007 (len=4 B)
[FPGA3] RX #63      data=0x02000000 (len=4 B)
[FPGA3] RX #63      data=0x02000001 (len=4 B)
[FPGA3] RX #63      data=0x02000002 (len=4 B)
[FPGA3] RX #63      data=0x02000003 (len=4 B)
[FPGA3] TX #63.0  data=0x03000000
[FPGA3] TX #63.1  data=0x03000001
[FPGA3] TX #63.2  data=0x03000002
[FPGA3] TX #63.3  data=0x03000003
[FPGA3] RX #63      data=0x02000004 (len=4 B)
[FPGA3] TX #63.4  data=0x03000004
[FPGA3] RX #63      data=0x02000005 (len=4 B)
[FPGA3] TX #63.5  data=0x03000005
[FPGA3] RX #63      data=0x02000006 (len=4 B)
[FPGA3] TX #63.6  data=0x03000006
[FPGA3] RX #63      data=0x02000007 (len=4 B)
[FPGA3] TX #63.7  data=0x03000007
[FPGA3] RX #64      data=0x01000000 (len=4 B)
[FPGA3] RX #64      data=0x01000001 (len=4 B)
[FPGA3] RX #64      data=0x01000002 (len=4 B)
[FPGA3] RX #64      data=0x01000003 (len=4 B)
[FPGA3] RX #64      data=0x01000004 (len=4 B)
[FPGA3] RX #64      data=0x01000005 (len=4 B)
[FPGA3] RX #64      data=0x01000006 (len=4 B)
[FPGA3] RX #64      data=0x01000007 (len=4 B)
[FPGA3] RX #64      data=0x04000000 (len=4 B)
[FPGA3] RX #64      data=0x04000001 (len=4 B)
[FPGA3] RX #64      data=0x04000002 (len=4 B)
[FPGA3] TX #64.0  data=0x03000000
[FPGA3] TX #64.1  data=0x03000001
[FPGA3] TX #64.2  data=0x03000002
[FPGA3] RX #64      data=0x04000003 (len=4 B)
[FPGA3] TX #64.3  data=0x03000003
[FPGA3] RX #64      data=0x04000004 (len=4 B)
[FPGA3] TX #64.4  data=0x03000004
[FPGA3] RX #64      data=0x04000005 (len=4 B)
[FPGA3] TX #64.5  data=0x03000005
[FPGA3] RX #64      data=0x04000006 (len=4 B)
[FPGA3] TX #64.6  data=0x03000006
[FPGA3] RX #64      data=0x04000007 (len=4 B)
[FPGA3] TX #64.7  data=0x03000007
[FPGA3] RX #65      data=0x02000000 (len=4 B)
[FPGA3] RX #65      data=0x02000001 (len=4 B)
[FPGA3] RX #65      data=0x02000002 (len=4 B)
[FPGA3] RX #65      data=0x02000003 (len=4 B)
[FPGA3] RX #65      data=0x02000004 (len=4 B)
[FPGA3] RX #65      data=0x02000005 (len=4 B)
[FPGA3] RX #65      data=0x02000006 (len=4 B)
[FPGA3] RX #65      data=0x02000007 (len=4 B)
[FPGA3] RX #65      data=0x01000000 (len=4 B)
[FPGA3] RX #65      data=0x01000001 (len=4 B)
[FPGA3] RX #65      data=0x01000002 (len=4 B)
[FPGA3] TX #65.0  data=0x03000000
[FPGA3] TX #65.1  data=0x03000001
[FPGA3] TX #65.2  data=0x03000002
[FPGA3] RX #65      data=0x01000003 (len=4 B)
[FPGA3] TX #65.3  data=0x03000003
[FPGA3] RX #65      data=0x01000004 (len=4 B)
[FPGA3] TX #65.4  data=0x03000004
[FPGA3] RX #65      data=0x01000005 (len=4 B)
[FPGA3] TX #65.5  data=0x03000005
[FPGA3] RX #65      data=0x01000006 (len=4 B)
[FPGA3] TX #65.6  data=0x03000006
[FPGA3] RX #65      data=0x01000007 (len=4 B)
[FPGA3] TX #65.7  data=0x03000007
[FPGA3] RX #66      data=0x04000000 (len=4 B)
[FPGA3] RX #66      data=0x04000001 (len=4 B)
[FPGA3] RX #66      data=0x04000002 (len=4 B)
[FPGA3] RX #66      data=0x04000003 (len=4 B)
[FPGA3] RX #66      data=0x04000004 (len=4 B)
[FPGA3] RX #66      data=0x04000005 (len=4 B)
[FPGA3] RX #66      data=0x04000006 (len=4 B)
[FPGA3] RX #66      data=0x04000007 (len=4 B)
[FPGA3] RX #66      data=0x02000000 (len=4 B)
[FPGA3] RX #66      data=0x02000001 (len=4 B)
[FPGA3] RX #66      data=0x02000002 (len=4 B)
[FPGA3] TX #66.0  data=0x03000000
[FPGA3] TX #66.1  data=0x03000001
[FPGA3] TX #66.2  data=0x03000002
[FPGA3] RX #66      data=0x02000003 (len=4 B)
[FPGA3] TX #66.3  data=0x03000003
[FPGA3] RX #66      data=0x02000004 (len=4 B)
[FPGA3] TX #66.4  data=0x03000004
[FPGA3] RX #66      data=0x02000005 (len=4 B)
[FPGA3] TX #66.5  data=0x03000005
[FPGA3] RX #66      data=0x01000000 (len=4 B)
[FPGA3] TX #66.6  data=0x03000006
[FPGA3] RX #66      data=0x01000001 (len=4 B)
[FPGA3] TX #66.7  data=0x03000007
[FPGA3] RX #67      data=0x01000002 (len=4 B)
[FPGA3] RX #67      data=0x01000003 (len=4 B)
[FPGA3] RX #67      data=0x01000004 (len=4 B)
[FPGA3] RX #67      data=0x01000005 (len=4 B)
[FPGA3] RX #67      data=0x01000006 (len=4 B)
[FPGA3] RX #67      data=0x01000007 (len=4 B)
[FPGA3] RX #67      data=0x04000000 (len=4 B)
[FPGA3] RX #67      data=0x04000001 (len=4 B)
[FPGA3] RX #67      data=0x04000002 (len=4 B)
[FPGA3] RX #67      data=0x04000003 (len=4 B)
[FPGA3] RX #67      data=0x04000004 (len=4 B)
[FPGA3] TX #67.0  data=0x03000000
[FPGA3] TX #67.1  data=0x03000001
[FPGA3] TX #67.2  data=0x03000002
[FPGA3] TX #67.3  data=0x03000003
[FPGA3] RX #67      data=0x04000005 (len=4 B)
[FPGA3] TX #67.4  data=0x03000004
[FPGA3] RX #67      data=0x04000006 (len=4 B)
[FPGA3] TX #67.5  data=0x03000005
[FPGA3] RX #67      data=0x04000007 (len=4 B)
[FPGA3] TX #67.6  data=0x03000006
[FPGA3] RX #67      data=0x02000006 (len=4 B)
[FPGA3] TX #67.7  data=0x03000007
[FPGA3] RX #68      data=0x02000007 (len=4 B)
[FPGA3] RX #68      data=0x02000000 (len=4 B)
[FPGA3] RX #68      data=0x02000001 (len=4 B)
[FPGA3] RX #68      data=0x02000002 (len=4 B)
[FPGA3] RX #68      data=0x02000003 (len=4 B)
[FPGA3] RX #68      data=0x02000004 (len=4 B)
[FPGA3] RX #68      data=0x02000005 (len=4 B)
[FPGA3] RX #68      data=0x02000006 (len=4 B)
[FPGA3] RX #68      data=0x02000007 (len=4 B)
[FPGA3] RX #68      data=0x01000000 (len=4 B)
[FPGA3] RX #68      data=0x01000001 (len=4 B)
[FPGA3] RX #68      data=0x01000002 (len=4 B)
[FPGA3] TX #68.0  data=0x03000000
[FPGA3] TX #68.1  data=0x03000001
[FPGA3] TX #68.2  data=0x03000002
[FPGA3] TX #68.3  data=0x03000003
[FPGA3] RX #68      data=0x01000003 (len=4 B)
[FPGA3] TX #68.4  data=0x03000004
[FPGA3] RX #68      data=0x01000004 (len=4 B)
[FPGA3] TX #68.5  data=0x03000005
[FPGA3] RX #68      data=0x01000005 (len=4 B)
[FPGA3] TX #68.6  data=0x03000006
[FPGA3] RX #68      data=0x01000006 (len=4 B)
[FPGA3] TX #68.7  data=0x03000007
[FPGA3] RX #69      data=0x01000007 (len=4 B)
[FPGA3] RX #69      data=0x04000000 (len=4 B)
[FPGA3] RX #69      data=0x04000001 (len=4 B)
[FPGA3] RX #69      data=0x04000002 (len=4 B)
[FPGA3] RX #69      data=0x04000003 (len=4 B)
[FPGA3] RX #69      data=0x04000004 (len=4 B)
[FPGA3] RX #69      data=0x04000005 (len=4 B)
[FPGA3] RX #69      data=0x04000006 (len=4 B)
[FPGA3] RX #69      data=0x04000007 (len=4 B)
[FPGA3] RX #69      data=0x04000000 (len=4 B)
[FPGA3] RX #69      data=0x04000001 (len=4 B)
[FPGA3] RX #69      data=0x04000002 (len=4 B)
[FPGA3] TX #69.0  data=0x03000000
[FPGA3] TX #69.1  data=0x03000001
[FPGA3] TX #69.2  data=0x03000002
[FPGA3] TX #69.3  data=0x03000003
[FPGA3] RX #69      data=0x04000003 (len=4 B)
[FPGA3] TX #69.4  data=0x03000004
[FPGA3] RX #69      data=0x02000000 (len=4 B)
[FPGA3] TX #69.5  data=0x03000005
[FPGA3] RX #69      data=0x02000001 (len=4 B)
[FPGA3] TX #69.6  data=0x03000006
[FPGA3] RX #69      data=0x02000002 (len=4 B)
[FPGA3] TX #69.7  data=0x03000007
[FPGA3] RX #70      data=0x02000003 (len=4 B)
[FPGA3] RX #70      data=0x02000004 (len=4 B)
[FPGA3] RX #70      data=0x02000005 (len=4 B)
[FPGA3] RX #70      data=0x02000006 (len=4 B)
[FPGA3] RX #70      data=0x02000007 (len=4 B)
[FPGA3] RX #70      data=0x01000000 (len=4 B)
[FPGA3] RX #70      data=0x01000001 (len=4 B)
[FPGA3] RX #70      data=0x01000002 (len=4 B)
[FPGA3] RX #70      data=0x01000003 (len=4 B)
[FPGA3] RX #70      data=0x01000004 (len=4 B)
[FPGA3] RX #70      data=0x01000005 (len=4 B)
[FPGA3] RX #70      data=0x01000006 (len=4 B)
[FPGA3] TX #70.0  data=0x03000000
[FPGA3] TX #70.1  data=0x03000001
[FPGA3] TX #70.2  data=0x03000002
[FPGA3] TX #70.3  data=0x03000003
[FPGA3] RX #70      data=0x01000007 (len=4 B)
[FPGA3] TX #70.4  data=0x03000004
[FPGA3] RX #70      data=0x04000004 (len=4 B)
[FPGA3] TX #70.5  data=0x03000005
[FPGA3] RX #70      data=0x04000005 (len=4 B)
[FPGA3] TX #70.6  data=0x03000006
[FPGA3] RX #70      data=0x04000006 (len=4 B)
[FPGA3] TX #70.7  data=0x03000007
[FPGA3] RX #71      data=0x04000007 (len=4 B)
[FPGA3] RX #71      data=0x04000000 (len=4 B)
[FPGA3] RX #71      data=0x04000001 (len=4 B)
[FPGA3] RX #71      data=0x04000002 (len=4 B)
[FPGA3] RX #71      data=0x04000003 (len=4 B)
[FPGA3] RX #71      data=0x04000004 (len=4 B)
[FPGA3] RX #71      data=0x02000000 (len=4 B)
[FPGA3] RX #71      data=0x02000001 (len=4 B)
[FPGA3] RX #71      data=0x02000002 (len=4 B)
[FPGA3] RX #71      data=0x02000003 (len=4 B)
[FPGA3] RX #71      data=0x02000004 (len=4 B)
[FPGA3] TX #71.0  data=0x03000000
[FPGA3] TX #71.1  data=0x03000001
[FPGA3] TX #71.2  data=0x03000002
[FPGA3] RX #71      data=0x02000005 (len=4 B)
[FPGA3] TX #71.3  data=0x03000003
[FPGA3] RX #71      data=0x02000006 (len=4 B)
[FPGA3] TX #71.4  data=0x03000004
[FPGA3] RX #71      data=0x02000007 (len=4 B)
[FPGA3] TX #71.5  data=0x03000005
[FPGA3] RX #71      data=0x01000000 (len=4 B)
[FPGA3] TX #71.6  data=0x03000006
[FPGA3] RX #71      data=0x01000001 (len=4 B)
[FPGA3] TX #71.7  data=0x03000007
[FPGA3] RX #72      data=0x01000002 (len=4 B)
[FPGA3] RX #72      data=0x01000003 (len=4 B)
[FPGA3] RX #72      data=0x01000004 (len=4 B)
[FPGA3] RX #72      data=0x01000005 (len=4 B)
[FPGA3] RX #72      data=0x01000006 (len=4 B)
[FPGA3] RX #72      data=0x01000007 (len=4 B)
[FPGA3] RX #72      data=0x04000005 (len=4 B)
[FPGA3] RX #72      data=0x04000006 (len=4 B)
[FPGA3] RX #72      data=0x04000007 (len=4 B)
[FPGA3] RX #72      data=0x04000000 (len=4 B)
[FPGA3] RX #72      data=0x04000001 (len=4 B)
[FPGA3] TX #72.0  data=0x03000000
[FPGA3] TX #72.1  data=0x03000001
[FPGA3] TX #72.2  data=0x03000002
[FPGA3] RX #72      data=0x04000002 (len=4 B)
[FPGA3] TX #72.3  data=0x03000003
[FPGA3] RX #72      data=0x04000003 (len=4 B)
[FPGA3] TX #72.4  data=0x03000004
[FPGA3] RX #72      data=0x04000004 (len=4 B)
[FPGA3] TX #72.5  data=0x03000005
[FPGA3] RX #72      data=0x04000005 (len=4 B)
[FPGA3] TX #72.6  data=0x03000006
[FPGA3] RX #72      data=0x04000006 (len=4 B)
[FPGA3] TX #72.7  data=0x03000007
[FPGA3] RX #73      data=0x02000000 (len=4 B)
[FPGA3] RX #73      data=0x02000001 (len=4 B)
[FPGA3] RX #73      data=0x02000002 (len=4 B)
[FPGA3] RX #73      data=0x02000003 (len=4 B)
[FPGA3] RX #73      data=0x02000004 (len=4 B)
[FPGA3] RX #73      data=0x02000005 (len=4 B)
[FPGA3] RX #73      data=0x02000006 (len=4 B)
[FPGA3] RX #73      data=0x02000007 (len=4 B)
[FPGA3] RX #73      data=0x01000000 (len=4 B)
[FPGA3] RX #73      data=0x01000001 (len=4 B)
[FPGA3] RX #73      data=0x01000002 (len=4 B)
[FPGA3] TX #73.0  data=0x03000000
[FPGA3] TX #73.1  data=0x03000001
[FPGA3] TX #73.2  data=0x03000002
[FPGA3] TX #73.3  data=0x03000003
[FPGA3] RX #73      data=0x01000003 (len=4 B)
[FPGA3] TX #73.4  data=0x03000004
[FPGA3] RX #73      data=0x01000004 (len=4 B)
[FPGA3] TX #73.5  data=0x03000005
[FPGA3] RX #73      data=0x01000005 (len=4 B)
[FPGA3] TX #73.6  data=0x03000006
[FPGA3] RX #73      data=0x01000006 (len=4 B)
[FPGA3] TX #73.7  data=0x03000007
[FPGA3] RX #74      data=0x01000007 (len=4 B)
[FPGA3] RX #74      data=0x01000000 (len=4 B)
[FPGA3] RX #74      data=0x01000001 (len=4 B)
[FPGA3] RX #74      data=0x01000002 (len=4 B)
[FPGA3] RX #74      data=0x01000003 (len=4 B)
[FPGA3] RX #74      data=0x01000004 (len=4 B)
[FPGA3] RX #74      data=0x01000005 (len=4 B)
[FPGA3] RX #74      data=0x01000006 (len=4 B)
[FPGA3] RX #74      data=0x01000007 (len=4 B)
[FPGA3] RX #74      data=0x04000007 (len=4 B)
[FPGA3] RX #74      data=0x04000000 (len=4 B)
[FPGA3] RX #74      data=0x04000001 (len=4 B)
[FPGA3] TX #74.0  data=0x03000000
[FPGA3] TX #74.1  data=0x03000001
[FPGA3] TX #74.2  data=0x03000002
[FPGA3] TX #74.3  data=0x03000003
[FPGA3] RX #74      data=0x04000002 (len=4 B)
[FPGA3] TX #74.4  data=0x03000004
[FPGA3] RX #74      data=0x04000003 (len=4 B)
[FPGA3] TX #74.5  data=0x03000005
[FPGA3] RX #74      data=0x04000004 (len=4 B)
[FPGA3] TX #74.6  data=0x03000006
[FPGA3] RX #74      data=0x04000005 (len=4 B)
[FPGA3] TX #74.7  data=0x03000007
[FPGA3] RX #75      data=0x04000006 (len=4 B)
[FPGA3] RX #75      data=0x04000007 (len=4 B)
[FPGA3] RX #75      data=0x02000000 (len=4 B)
[FPGA3] RX #75      data=0x02000001 (len=4 B)
[FPGA3] RX #75      data=0x02000002 (len=4 B)
[FPGA3] RX #75      data=0x02000003 (len=4 B)
[FPGA3] RX #75      data=0x02000004 (len=4 B)
[FPGA3] RX #75      data=0x02000005 (len=4 B)
[FPGA3] RX #75      data=0x02000006 (len=4 B)
[FPGA3] RX #75      data=0x02000007 (len=4 B)
[FPGA3] RX #75      data=0x02000000 (len=4 B)
[FPGA3] RX #75      data=0x02000001 (len=4 B)
[FPGA3] TX #75.0  data=0x03000000
[FPGA3] TX #75.1  data=0x03000001
[FPGA3] TX #75.2  data=0x03000002
[FPGA3] TX #75.3  data=0x03000003
[FPGA3] RX #75      data=0x02000002 (len=4 B)
[FPGA3] TX #75.4  data=0x03000004
[FPGA3] RX #75      data=0x02000003 (len=4 B)
[FPGA3] TX #75.5  data=0x03000005
[FPGA3] RX #75      data=0x02000004 (len=4 B)
[FPGA3] TX #75.6  data=0x03000006
[FPGA3] RX #75      data=0x02000005 (len=4 B)
[FPGA3] TX #75.7  data=0x03000007
[FPGA3] RX #76      data=0x02000006 (len=4 B)
[FPGA3] RX #76      data=0x01000000 (len=4 B)
[FPGA3] RX #76      data=0x01000001 (len=4 B)
[FPGA3] RX #76      data=0x01000002 (len=4 B)
[FPGA3] RX #76      data=0x01000003 (len=4 B)
[FPGA3] RX #76      data=0x01000004 (len=4 B)
[FPGA3] RX #76      data=0x01000005 (len=4 B)
[FPGA3] RX #76      data=0x01000006 (len=4 B)
[FPGA3] RX #76      data=0x01000007 (len=4 B)
[FPGA3] RX #76      data=0x04000000 (len=4 B)
[FPGA3] RX #76      data=0x04000001 (len=4 B)
[FPGA3] RX #76      data=0x04000002 (len=4 B)
[FPGA3] TX #76.0  data=0x03000000
[FPGA3] TX #76.1  data=0x03000001
[FPGA3] TX #76.2  data=0x03000002
[FPGA3] TX #76.3  data=0x03000003
[FPGA3] RX #76      data=0x04000003 (len=4 B)
[FPGA3] TX #76.4  data=0x03000004
[FPGA3] RX #76      data=0x04000004 (len=4 B)
[FPGA3] TX #76.5  data=0x03000005
[FPGA3] RX #76      data=0x04000005 (len=4 B)
[FPGA3] TX #76.6  data=0x03000006
[FPGA3] RX #76      data=0x04000006 (len=4 B)
[FPGA3] TX #76.7  data=0x03000007
[FPGA3] RX #77      data=0x04000007 (len=4 B)
[FPGA3] RX #77      data=0x02000007 (len=4 B)
[FPGA3] RX #77      data=0x02000000 (len=4 B)
[FPGA3] RX #77      data=0x02000001 (len=4 B)
[FPGA3] RX #77      data=0x02000002 (len=4 B)
[FPGA3] RX #77      data=0x02000003 (len=4 B)
[FPGA3] RX #77      data=0x02000004 (len=4 B)
[FPGA3] RX #77      data=0x02000005 (len=4 B)
[FPGA3] RX #77      data=0x02000006 (len=4 B)
[FPGA3] RX #77      data=0x02000007 (len=4 B)
[FPGA3] RX #77      data=0x01000000 (len=4 B)
[FPGA3] RX #77      data=0x01000001 (len=4 B)
[FPGA3] TX #77.0  data=0x03000000
[FPGA3] TX #77.1  data=0x03000001
[FPGA3] TX #77.2  data=0x03000002
[FPGA3] TX #77.3  data=0x03000003
[FPGA3] RX #77      data=0x01000002 (len=4 B)
[FPGA3] TX #77.4  data=0x03000004
[FPGA3] RX #77      data=0x01000003 (len=4 B)
[FPGA3] TX #77.5  data=0x03000005
[FPGA3] RX #77      data=0x01000004 (len=4 B)
[FPGA3] TX #77.6  data=0x03000006
[FPGA3] RX #77      data=0x01000005 (len=4 B)
[FPGA3] TX #77.7  data=0x03000007
[FPGA3] RX #78      data=0x01000006 (len=4 B)
[FPGA3] RX #78      data=0x01000007 (len=4 B)
[FPGA3] RX #78      data=0x04000000 (len=4 B)
[FPGA3] RX #78      data=0x04000001 (len=4 B)
[FPGA3] RX #78      data=0x04000002 (len=4 B)
[FPGA3] RX #78      data=0x04000003 (len=4 B)
[FPGA3] RX #78      data=0x04000004 (len=4 B)
[FPGA3] RX #78      data=0x04000005 (len=4 B)
[FPGA3] RX #78      data=0x04000006 (len=4 B)
[FPGA3] RX #78      data=0x04000007 (len=4 B)
[FPGA3] RX #78      data=0x02000000 (len=4 B)
[FPGA3] TX #78.0  data=0x03000000
[FPGA3] TX #78.1  data=0x03000001
[FPGA3] TX #78.2  data=0x03000002
[FPGA3] RX #78      data=0x02000001 (len=4 B)
[FPGA3] TX #78.3  data=0x03000003
[FPGA3] RX #78      data=0x02000002 (len=4 B)
[FPGA3] TX #78.4  data=0x03000004
[FPGA3] RX #78      data=0x02000003 (len=4 B)
[FPGA3] TX #78.5  data=0x03000005
[FPGA3] RX #78      data=0x02000004 (len=4 B)
[FPGA3] TX #78.6  data=0x03000006
[FPGA3] RX #78      data=0x02000005 (len=4 B)
[FPGA3] TX #78.7  data=0x03000007
[FPGA3] RX #79      data=0x02000006 (len=4 B)
[FPGA3] RX #79      data=0x02000007 (len=4 B)
[FPGA3] RX #79      data=0x01000000 (len=4 B)
[FPGA3] RX #79      data=0x01000001 (len=4 B)
[FPGA3] RX #79      data=0x01000002 (len=4 B)
[FPGA3] RX #79      data=0x01000003 (len=4 B)
[FPGA3] RX #79      data=0x01000004 (len=4 B)
[FPGA3] RX #79      data=0x01000005 (len=4 B)
[FPGA3] RX #79      data=0x01000006 (len=4 B)
[FPGA3] RX #79      data=0x01000007 (len=4 B)
[FPGA3] RX #79      data=0x04000000 (len=4 B)
[FPGA3] TX #79.0  data=0x03000000
[FPGA3] TX #79.1  data=0x03000001
[FPGA3] TX #79.2  data=0x03000002
[FPGA3] RX #79      data=0x04000001 (len=4 B)
[FPGA3] TX #79.3  data=0x03000003
[FPGA3] RX #79      data=0x04000002 (len=4 B)
[FPGA3] TX #79.4  data=0x03000004
[FPGA3] RX #79      data=0x04000003 (len=4 B)
[FPGA3] TX #79.5  data=0x03000005
[FPGA3] RX #79      data=0x04000004 (len=4 B)
[FPGA3] TX #79.6  data=0x03000006
[FPGA3] RX #79      data=0x04000005 (len=4 B)
[FPGA3] TX #79.7  data=0x03000007
[FPGA3] RX #80      data=0x04000006 (len=4 B)
[FPGA3] RX #80      data=0x04000007 (len=4 B)
[FPGA3] RX #80      data=0x04000000 (len=4 B)
[FPGA3] RX #80      data=0x04000001 (len=4 B)
[FPGA3] RX #80      data=0x04000002 (len=4 B)
[FPGA3] RX #80      data=0x04000003 (len=4 B)
[FPGA3] RX #80      data=0x02000000 (len=4 B)
[FPGA3] RX #80      data=0x02000001 (len=4 B)
[FPGA3] RX #80      data=0x02000002 (len=4 B)
[FPGA3] RX #80      data=0x02000003 (len=4 B)
[FPGA3] RX #80      data=0x02000004 (len=4 B)
[FPGA3] TX #80.0  data=0x03000000
[FPGA3] TX #80.1  data=0x03000001
[FPGA3] TX #80.2  data=0x03000002
[FPGA3] TX #80.3  data=0x03000003
[FPGA3] RX #80      data=0x02000005 (len=4 B)
[FPGA3] TX #80.4  data=0x03000004
[FPGA3] RX #80      data=0x02000006 (len=4 B)
[FPGA3] TX #80.5  data=0x03000005
[FPGA3] RX #80      data=0x02000007 (len=4 B)
[FPGA3] TX #80.6  data=0x03000006
[FPGA3] RX #80      data=0x01000000 (len=4 B)
[FPGA3] TX #80.7  data=0x03000007
[FPGA3] RX #81      data=0x01000001 (len=4 B)
[FPGA3] RX #81      data=0x01000002 (len=4 B)
[FPGA3] RX #81      data=0x01000003 (len=4 B)
[FPGA3] RX #81      data=0x01000004 (len=4 B)
[FPGA3] RX #81      data=0x01000005 (len=4 B)
[FPGA3] RX #81      data=0x01000006 (len=4 B)
[FPGA3] RX #81      data=0x01000007 (len=4 B)
[FPGA3] RX #81      data=0x01000000 (len=4 B)
[FPGA3] RX #81      data=0x01000001 (len=4 B)
[FPGA3] RX #81      data=0x01000002 (len=4 B)
[FPGA3] RX #81      data=0x01000003 (len=4 B)
[FPGA3] RX #81      data=0x04000004 (len=4 B)
[FPGA3] TX #81.0  data=0x03000000
[FPGA3] TX #81.1  data=0x03000001
[FPGA3] TX #81.2  data=0x03000002
[FPGA3] TX #81.3  data=0x03000003
[FPGA3] RX #81      data=0x04000005 (len=4 B)
[FPGA3] TX #81.4  data=0x03000004
[FPGA3] RX #81      data=0x04000006 (len=4 B)
[FPGA3] TX #81.5  data=0x03000005
[FPGA3] RX #81      data=0x04000007 (len=4 B)
[FPGA3] TX #81.6  data=0x03000006
[FPGA3] RX #81      data=0x02000000 (len=4 B)
[FPGA3] TX #81.7  data=0x03000007
[FPGA3] RX #82      data=0x02000001 (len=4 B)
[FPGA3] RX #82      data=0x02000002 (len=4 B)
[FPGA3] RX #82      data=0x02000003 (len=4 B)
[FPGA3] RX #82      data=0x02000004 (len=4 B)
[FPGA3] RX #82      data=0x02000005 (len=4 B)
[FPGA3] RX #82      data=0x02000006 (len=4 B)
[FPGA3] RX #82      data=0x02000007 (len=4 B)
[FPGA3] RX #82      data=0x01000004 (len=4 B)
[FPGA3] RX #82      data=0x01000005 (len=4 B)
[FPGA3] RX #82      data=0x01000006 (len=4 B)
[FPGA3] RX #82      data=0x01000007 (len=4 B)
[FPGA3] RX #82      data=0x04000000 (len=4 B)
[FPGA3] TX #82.0  data=0x03000000
[FPGA3] TX #82.1  data=0x03000001
[FPGA3] TX #82.2  data=0x03000002
[FPGA3] TX #82.3  data=0x03000003
[FPGA3] RX #82      data=0x04000001 (len=4 B)
[FPGA3] TX #82.4  data=0x03000004
[FPGA3] RX #82      data=0x04000002 (len=4 B)
[FPGA3] TX #82.5  data=0x03000005
[FPGA3] RX #82      data=0x04000003 (len=4 B)
[FPGA3] TX #82.6  data=0x03000006
[FPGA3] RX #82      data=0x04000004 (len=4 B)
[FPGA3] TX #82.7  data=0x03000007
[FPGA3] RX #83      data=0x04000005 (len=4 B)
[FPGA3] RX #83      data=0x04000006 (len=4 B)
[FPGA3] RX #83      data=0x04000007 (len=4 B)
[FPGA3] RX #83      data=0x02000000 (len=4 B)
[FPGA3] RX #83      data=0x02000001 (len=4 B)
[FPGA3] RX #83      data=0x02000002 (len=4 B)
[FPGA3] RX #83      data=0x02000003 (len=4 B)
[FPGA3] RX #83      data=0x02000004 (len=4 B)
[FPGA3] RX #83      data=0x02000005 (len=4 B)
[FPGA3] RX #83      data=0x02000006 (len=4 B)
[FPGA3] RX #83      data=0x02000007 (len=4 B)
[FPGA3] RX #83      data=0x01000000 (len=4 B)
[FPGA3] TX #83.0  data=0x03000000
[FPGA3] TX #83.1  data=0x03000001
[FPGA3] TX #83.2  data=0x03000002
[FPGA3] TX #83.3  data=0x03000003
[FPGA3] RX #83      data=0x01000001 (len=4 B)
[FPGA3] TX #83.4  data=0x03000004
[FPGA3] RX #83      data=0x01000002 (len=4 B)
[FPGA3] TX #83.5  data=0x03000005
[FPGA3] RX #83      data=0x01000003 (len=4 B)
[FPGA3] TX #83.6  data=0x03000006
[FPGA3] RX #83      data=0x01000004 (len=4 B)
[FPGA3] TX #83.7  data=0x03000007
[FPGA3] RX #84      data=0x01000005 (len=4 B)
[FPGA3] RX #84      data=0x01000006 (len=4 B)
[FPGA3] RX #84      data=0x01000007 (len=4 B)
[FPGA3] RX #84      data=0x04000000 (len=4 B)
[FPGA3] RX #84      data=0x04000001 (len=4 B)
[FPGA3] RX #84      data=0x04000002 (len=4 B)
[FPGA3] RX #84      data=0x04000003 (len=4 B)
[FPGA3] RX #84      data=0x04000004 (len=4 B)
[FPGA3] RX #84      data=0x04000005 (len=4 B)
[FPGA3] RX #84      data=0x04000006 (len=4 B)
[FPGA3] RX #84      data=0x04000007 (len=4 B)
[FPGA3] RX #84      data=0x02000000 (len=4 B)
[FPGA3] TX #84.0  data=0x03000000
[FPGA3] TX #84.1  data=0x03000001
[FPGA3] TX #84.2  data=0x03000002
[FPGA3] TX #84.3  data=0x03000003
[FPGA3] RX #84      data=0x02000001 (len=4 B)
[FPGA3] TX #84.4  data=0x03000004
[FPGA3] RX #84      data=0x02000002 (len=4 B)
[FPGA3] TX #84.5  data=0x03000005
[FPGA3] RX #84      data=0x02000003 (len=4 B)
[FPGA3] TX #84.6  data=0x03000006
[FPGA3] RX #84      data=0x02000004 (len=4 B)
[FPGA3] TX #84.7  data=0x03000007
[FPGA3] RX #85      data=0x02000005 (len=4 B)
[FPGA3] RX #85      data=0x02000006 (len=4 B)
[FPGA3] RX #85      data=0x02000007 (len=4 B)
[FPGA3] RX #85      data=0x01000000 (len=4 B)
[FPGA3] RX #85      data=0x01000001 (len=4 B)
[FPGA3] RX #85      data=0x01000002 (len=4 B)
[FPGA3] RX #85      data=0x01000003 (len=4 B)
[FPGA3] RX #85      data=0x01000004 (len=4 B)
[FPGA3] RX #85      data=0x01000005 (len=4 B)
[FPGA3] RX #85      data=0x01000006 (len=4 B)
[FPGA3] RX #85      data=0x01000007 (len=4 B)
[FPGA3] TX #85.0  data=0x03000000
[FPGA3] TX #85.1  data=0x03000001
[FPGA3] TX #85.2  data=0x03000002
[FPGA3] RX #85      data=0x04000000 (len=4 B)
[FPGA3] TX #85.3  data=0x03000003
[FPGA3] RX #85      data=0x04000001 (len=4 B)
[FPGA3] TX #85.4  data=0x03000004
[FPGA3] RX #85      data=0x04000002 (len=4 B)
[FPGA3] TX #85.5  data=0x03000005
[FPGA3] RX #85      data=0x04000003 (len=4 B)
[FPGA3] TX #85.6  data=0x03000006
[FPGA3] RX #85      data=0x04000004 (len=4 B)
[FPGA3] TX #85.7  data=0x03000007
[FPGA3] RX #86      data=0x04000005 (len=4 B)
[FPGA3] RX #86      data=0x04000006 (len=4 B)
[FPGA3] RX #86      data=0x04000007 (len=4 B)
[FPGA3] RX #86      data=0x02000000 (len=4 B)
[FPGA3] RX #86      data=0x02000001 (len=4 B)
[FPGA3] RX #86      data=0x02000002 (len=4 B)
[FPGA3] RX #86      data=0x02000003 (len=4 B)
[FPGA3] RX #86      data=0x02000004 (len=4 B)
[FPGA3] RX #86      data=0x02000005 (len=4 B)
[FPGA3] RX #86      data=0x02000006 (len=4 B)
[FPGA3] RX #86      data=0x02000007 (len=4 B)
[FPGA3] TX #86.0  data=0x03000000
[FPGA3] TX #86.1  data=0x03000001
[FPGA3] TX #86.2  data=0x03000002
[FPGA3] RX #86      data=0x01000000 (len=4 B)
[FPGA3] TX #86.3  data=0x03000003
[FPGA3] RX #86      data=0x01000001 (len=4 B)
[FPGA3] TX #86.4  data=0x03000004
[FPGA3] RX #86      data=0x01000002 (len=4 B)
[FPGA3] TX #86.5  data=0x03000005
[FPGA3] RX #86      data=0x01000003 (len=4 B)
[FPGA3] TX #86.6  data=0x03000006
[FPGA3] RX #86      data=0x01000004 (len=4 B)
[FPGA3] TX #86.7  data=0x03000007
[FPGA3] RX #87      data=0x01000005 (len=4 B)
[FPGA3] RX #87      data=0x01000006 (len=4 B)
[FPGA3] RX #87      data=0x01000007 (len=4 B)
[FPGA3] RX #87      data=0x01000000 (len=4 B)
[FPGA3] RX #87      data=0x01000001 (len=4 B)
[FPGA3] RX #87      data=0x01000002 (len=4 B)
[FPGA3] RX #87      data=0x01000003 (len=4 B)
[FPGA3] RX #87      data=0x01000004 (len=4 B)
[FPGA3] RX #87      data=0x01000005 (len=4 B)
[FPGA3] RX #87      data=0x01000006 (len=4 B)
[FPGA3] RX #87      data=0x04000000 (len=4 B)
[FPGA3] TX #87.0  data=0x03000000
[FPGA3] TX #87.1  data=0x03000001
[FPGA3] TX #87.2  data=0x03000002
[FPGA3] TX #87.3  data=0x03000003
[FPGA3] RX #87      data=0x04000001 (len=4 B)
[FPGA3] TX #87.4  data=0x03000004
[FPGA3] RX #87      data=0x04000002 (len=4 B)
[FPGA3] TX #87.5  data=0x03000005
[FPGA3] RX #87      data=0x04000003 (len=4 B)
[FPGA3] RX #87      data=0x04000004 (len=4 B)
[FPGA3] RX #87      data=0x04000005 (len=4 B)
[FPGA3] RX #87      data=0x04000006 (len=4 B)
[FPGA3] RX #87      data=0x04000007 (len=4 B)
[FPGA3] RX #87      data=0x04000000 (len=4 B)
[FPGA3] RX #87      data=0x04000001 (len=4 B)
[FPGA3] RX #87      data=0x04000002 (len=4 B)
[FPGA3] RX #87      data=0x04000003 (len=4 B)
[FPGA3] RX #87      data=0x04000004 (len=4 B)
[FPGA3] RX #87      data=0x04000005 (len=4 B)
[FPGA3] RX #87      data=0x04000006 (len=4 B)
[FPGA3] TX #87.6  data=0x03000006
[FPGA3] TX #87.7  data=0x03000007
[FPGA3] RX #88      data=0x02000000 (len=4 B)
[FPGA3] RX #88      data=0x02000001 (len=4 B)
[FPGA3] RX #88      data=0x02000002 (len=4 B)
[FPGA3] RX #88      data=0x02000003 (len=4 B)
[FPGA3] RX #88      data=0x02000004 (len=4 B)
[FPGA3] RX #88      data=0x02000005 (len=4 B)
[FPGA3] RX #88      data=0x02000006 (len=4 B)
[FPGA3] RX #88      data=0x02000007 (len=4 B)
[FPGA3] RX #88      data=0x02000000 (len=4 B)
[FPGA3] RX #88      data=0x02000001 (len=4 B)
[FPGA3] RX #88      data=0x02000002 (len=4 B)
[FPGA3] TX #88.0  data=0x03000000
[FPGA3] TX #88.1  data=0x03000001
[FPGA3] TX #88.2  data=0x03000002
[FPGA3] TX #88.3  data=0x03000003
[FPGA3] RX #88      data=0x02000003 (len=4 B)
[FPGA3] TX #88.4  data=0x03000004
[FPGA3] RX #88      data=0x02000004 (len=4 B)
[FPGA3] TX #88.5  data=0x03000005
[FPGA3] RX #88      data=0x02000005 (len=4 B)
[FPGA3] TX #88.6  data=0x03000006
[FPGA3] RX #88      data=0x02000006 (len=4 B)
[FPGA3] TX #88.7  data=0x03000007
[FPGA3] RX #89      data=0x02000007 (len=4 B)
[FPGA3] RX #89      data=0x01000007 (len=4 B)
[FPGA3] RX #89      data=0x01000000 (len=4 B)
[FPGA3] RX #89      data=0x01000001 (len=4 B)
[FPGA3] RX #89      data=0x01000002 (len=4 B)
[FPGA3] RX #89      data=0x01000003 (len=4 B)
[FPGA3] RX #89      data=0x01000004 (len=4 B)
[FPGA3] RX #89      data=0x01000005 (len=4 B)
[FPGA3] RX #89      data=0x01000006 (len=4 B)
[FPGA3] RX #89      data=0x01000007 (len=4 B)
[FPGA3] RX #89      data=0x04000007 (len=4 B)
[FPGA3] RX #89      data=0x04000000 (len=4 B)
[FPGA3] TX #89.0  data=0x03000000
[FPGA3] TX #89.1  data=0x03000001
[FPGA3] TX #89.2  data=0x03000002
[FPGA3] TX #89.3  data=0x03000003
[FPGA3] RX #89      data=0x04000001 (len=4 B)
[FPGA3] TX #89.4  data=0x03000004
[FPGA3] RX #89      data=0x04000002 (len=4 B)
[FPGA3] TX #89.5  data=0x03000005
[FPGA3] RX #89      data=0x04000003 (len=4 B)
[FPGA3] TX #89.6  data=0x03000006
[FPGA3] RX #89      data=0x04000004 (len=4 B)
[FPGA3] TX #89.7  data=0x03000007
[FPGA3] RX #90      data=0x04000005 (len=4 B)
[FPGA3] RX #90      data=0x04000006 (len=4 B)
[FPGA3] RX #90      data=0x04000007 (len=4 B)
[FPGA3] RX #90      data=0x02000000 (len=4 B)
[FPGA3] RX #90      data=0x02000001 (len=4 B)
[FPGA3] RX #90      data=0x02000002 (len=4 B)
[FPGA3] RX #90      data=0x02000003 (len=4 B)
[FPGA3] RX #90      data=0x02000004 (len=4 B)
[FPGA3] RX #90      data=0x02000005 (len=4 B)
[FPGA3] RX #90      data=0x02000006 (len=4 B)
[FPGA3] RX #90      data=0x02000007 (len=4 B)
[FPGA3] RX #90      data=0x01000000 (len=4 B)
[FPGA3] TX #90.0  data=0x03000000
[FPGA3] TX #90.1  data=0x03000001
[FPGA3] TX #90.2  data=0x03000002
[FPGA3] TX #90.3  data=0x03000003
[FPGA3] RX #90      data=0x01000001 (len=4 B)
[FPGA3] TX #90.4  data=0x03000004
[FPGA3] RX #90      data=0x01000002 (len=4 B)
[FPGA3] TX #90.5  data=0x03000005
[FPGA3] RX #90      data=0x01000003 (len=4 B)
[FPGA3] TX #90.6  data=0x03000006
[FPGA3] RX #90      data=0x01000004 (len=4 B)
[FPGA3] TX #90.7  data=0x03000007
[FPGA3] RX #91      data=0x01000005 (len=4 B)
[FPGA3] RX #91      data=0x01000006 (len=4 B)
[FPGA3] RX #91      data=0x01000007 (len=4 B)
[FPGA3] RX #91      data=0x04000000 (len=4 B)
[FPGA3] RX #91      data=0x04000001 (len=4 B)
[FPGA3] RX #91      data=0x04000002 (len=4 B)
[FPGA3] RX #91      data=0x04000003 (len=4 B)
[FPGA3] RX #91      data=0x04000004 (len=4 B)
[FPGA3] RX #91      data=0x04000005 (len=4 B)
[FPGA3] RX #91      data=0x04000006 (len=4 B)
[FPGA3] RX #91      data=0x04000007 (len=4 B)
[FPGA3] RX #91      data=0x04000000 (len=4 B)
[FPGA3] TX #91.0  data=0x03000000
[FPGA3] TX #91.1  data=0x03000001
[FPGA3] TX #91.2  data=0x03000002
[FPGA3] TX #91.3  data=0x03000003
[FPGA3] RX #91      data=0x04000001 (len=4 B)
[FPGA3] TX #91.4  data=0x03000004
[FPGA3] RX #91      data=0x04000002 (len=4 B)
[FPGA3] TX #91.5  data=0x03000005
[FPGA3] RX #91      data=0x04000003 (len=4 B)
[FPGA3] TX #91.6  data=0x03000006
[FPGA3] RX #91      data=0x04000004 (len=4 B)
[FPGA3] TX #91.7  data=0x03000007
[FPGA3] RX #92      data=0x04000005 (len=4 B)
[FPGA3] RX #92      data=0x04000006 (len=4 B)
[FPGA3] RX #92      data=0x02000000 (len=4 B)
[FPGA3] RX #92      data=0x02000001 (len=4 B)
[FPGA3] RX #92      data=0x02000002 (len=4 B)
[FPGA3] RX #92      data=0x02000003 (len=4 B)
[FPGA3] RX #92      data=0x02000004 (len=4 B)
[FPGA3] RX #92      data=0x02000005 (len=4 B)
[FPGA3] RX #92      data=0x02000006 (len=4 B)
[FPGA3] RX #92      data=0x02000007 (len=4 B)
[FPGA3] RX #92      data=0x02000000 (len=4 B)
[FPGA3] TX #92.0  data=0x03000000
[FPGA3] TX #92.1  data=0x03000001
[FPGA3] TX #92.2  data=0x03000002
[FPGA3] RX #92      data=0x02000001 (len=4 B)
[FPGA3] TX #92.3  data=0x03000003
[FPGA3] RX #92      data=0x02000002 (len=4 B)
[FPGA3] TX #92.4  data=0x03000004
[FPGA3] RX #92      data=0x02000003 (len=4 B)
[FPGA3] TX #92.5  data=0x03000005
[FPGA3] RX #92      data=0x02000004 (len=4 B)
[FPGA3] TX #92.6  data=0x03000006
[FPGA3] RX #92      data=0x02000005 (len=4 B)
[FPGA3] TX #92.7  data=0x03000007
[FPGA3] RX #93      data=0x02000006 (len=4 B)
[FPGA3] RX #93      data=0x01000000 (len=4 B)
[FPGA3] RX #93      data=0x01000001 (len=4 B)
[FPGA3] RX #93      data=0x01000002 (len=4 B)
[FPGA3] RX #93      data=0x01000003 (len=4 B)
[FPGA3] RX #93      data=0x01000004 (len=4 B)
[FPGA3] RX #93      data=0x01000005 (len=4 B)
[FPGA3] RX #93      data=0x01000006 (len=4 B)
[FPGA3] RX #93      data=0x01000007 (len=4 B)
[FPGA3] RX #93      data=0x01000000 (len=4 B)
[FPGA3] RX #93      data=0x01000001 (len=4 B)
[FPGA3] TX #93.0  data=0x03000000
[FPGA3] TX #93.1  data=0x03000001
[FPGA3] TX #93.2  data=0x03000002
[FPGA3] RX #93      data=0x01000002 (len=4 B)
[FPGA3] TX #93.3  data=0x03000003
[FPGA3] RX #93      data=0x01000003 (len=4 B)
[FPGA3] TX #93.4  data=0x03000004
[FPGA3] RX #93      data=0x01000004 (len=4 B)
[FPGA3] TX #93.5  data=0x03000005
[FPGA3] RX #93      data=0x01000005 (len=4 B)
[FPGA3] TX #93.6  data=0x03000006
[FPGA3] RX #93      data=0x01000006 (len=4 B)
[FPGA3] TX #93.7  data=0x03000007
[FPGA3] RX #94      data=0x01000007 (len=4 B)
[FPGA3] RX #94      data=0x04000007 (len=4 B)
[FPGA3] RX #94      data=0x04000000 (len=4 B)
[FPGA3] RX #94      data=0x04000001 (len=4 B)
[FPGA3] RX #94      data=0x04000002 (len=4 B)
[FPGA3] RX #94      data=0x04000003 (len=4 B)
[FPGA3] RX #94      data=0x04000004 (len=4 B)
[FPGA3] RX #94      data=0x04000005 (len=4 B)
[FPGA3] RX #94      data=0x04000006 (len=4 B)
[FPGA3] RX #94      data=0x04000007 (len=4 B)
[FPGA3] RX #94      data=0x02000007 (len=4 B)
[FPGA3] TX #94.0  data=0x03000000
[FPGA3] TX #94.1  data=0x03000001
[FPGA3] TX #94.2  data=0x03000002
[FPGA3] TX #94.3  data=0x03000003
[FPGA3] RX #94      data=0x02000000 (len=4 B)
[FPGA3] TX #94.4  data=0x03000004
[FPGA3] RX #94      data=0x02000001 (len=4 B)
[FPGA3] TX #94.5  data=0x03000005
[FPGA3] RX #94      data=0x02000002 (len=4 B)
[FPGA3] TX #94.6  data=0x03000006
[FPGA3] RX #94      data=0x02000003 (len=4 B)
[FPGA3] TX #94.7  data=0x03000007
[FPGA3] RX #95      data=0x01000000 (len=4 B)
[FPGA3] RX #95      data=0x01000001 (len=4 B)
[FPGA3] RX #95      data=0x01000002 (len=4 B)
[FPGA3] RX #95      data=0x01000003 (len=4 B)
[FPGA3] RX #95      data=0x01000004 (len=4 B)
[FPGA3] RX #95      data=0x01000005 (len=4 B)
[FPGA3] RX #95      data=0x01000006 (len=4 B)
[FPGA3] RX #95      data=0x01000007 (len=4 B)
[FPGA3] RX #95      data=0x02000004 (len=4 B)
[FPGA3] RX #95      data=0x02000005 (len=4 B)
[FPGA3] RX #95      data=0x02000006 (len=4 B)
[FPGA3] RX #95      data=0x02000007 (len=4 B)
[FPGA3] TX #95.0  data=0x03000000
[FPGA3] TX #95.1  data=0x03000001
[FPGA3] TX #95.2  data=0x03000002
[FPGA3] TX #95.3  data=0x03000003
[FPGA3] RX #95      data=0x02000000 (len=4 B)
[FPGA3] TX #95.4  data=0x03000004
[FPGA3] RX #95      data=0x02000001 (len=4 B)
[FPGA3] TX #95.5  data=0x03000005
[FPGA3] RX #95      data=0x02000002 (len=4 B)
[FPGA3] TX #95.6  data=0x03000006
[FPGA3] RX #95      data=0x02000003 (len=4 B)
[FPGA3] TX #95.7  data=0x03000007
[FPGA3] RX #96      data=0x04000000 (len=4 B)
[FPGA3] RX #96      data=0x04000001 (len=4 B)
[FPGA3] RX #96      data=0x04000002 (len=4 B)
[FPGA3] RX #96      data=0x04000003 (len=4 B)
[FPGA3] RX #96      data=0x04000004 (len=4 B)
[FPGA3] RX #96      data=0x04000005 (len=4 B)
[FPGA3] RX #96      data=0x04000006 (len=4 B)
[FPGA3] RX #96      data=0x04000007 (len=4 B)
[FPGA3] RX #96      data=0x01000000 (len=4 B)
[FPGA3] RX #96      data=0x01000001 (len=4 B)
[FPGA3] RX #96      data=0x01000002 (len=4 B)
[FPGA3] RX #96      data=0x01000003 (len=4 B)
[FPGA3] TX #96.0  data=0x03000000
[FPGA3] TX #96.1  data=0x03000001
[FPGA3] TX #96.2  data=0x03000002
[FPGA3] TX #96.3  data=0x03000003
[FPGA3] RX #96      data=0x01000004 (len=4 B)
[FPGA3] TX #96.4  data=0x03000004
[FPGA3] RX #96      data=0x01000005 (len=4 B)
[FPGA3] TX #96.5  data=0x03000005
[FPGA3] RX #96      data=0x01000006 (len=4 B)
[FPGA3] TX #96.6  data=0x03000006
[FPGA3] RX #96      data=0x01000007 (len=4 B)
[FPGA3] TX #96.7  data=0x03000007
[FPGA3] RX #97      data=0x02000004 (len=4 B)
[FPGA3] RX #97      data=0x02000005 (len=4 B)
[FPGA3] RX #97      data=0x02000006 (len=4 B)
[FPGA3] RX #97      data=0x02000007 (len=4 B)
[FPGA3] RX #97      data=0x04000000 (len=4 B)
[FPGA3] RX #97      data=0x04000001 (len=4 B)
[FPGA3] RX #97      data=0x04000002 (len=4 B)
[FPGA3] RX #97      data=0x04000003 (len=4 B)
[FPGA3] RX #97      data=0x04000004 (len=4 B)
[FPGA3] RX #97      data=0x04000005 (len=4 B)
[FPGA3] RX #97      data=0x04000006 (len=4 B)
[FPGA3] RX #97      data=0x04000007 (len=4 B)
[FPGA3] TX #97.0  data=0x03000000
[FPGA3] TX #97.1  data=0x03000001
[FPGA3] TX #97.2  data=0x03000002
[FPGA3] TX #97.3  data=0x03000003
[FPGA3] RX #97      data=0x01000000 (len=4 B)
[FPGA3] TX #97.4  data=0x03000004
[FPGA3] RX #97      data=0x01000001 (len=4 B)
[FPGA3] TX #97.5  data=0x03000005
[FPGA3] RX #97      data=0x01000002 (len=4 B)
[FPGA3] TX #97.6  data=0x03000006
[FPGA3] RX #97      data=0x01000003 (len=4 B)
[FPGA3] TX #97.7  data=0x03000007
[FPGA3] RX #98      data=0x01000004 (len=4 B)
[FPGA3] RX #98      data=0x01000005 (len=4 B)
[FPGA3] RX #98      data=0x01000006 (len=4 B)
[FPGA3] RX #98      data=0x01000007 (len=4 B)
[FPGA3] RX #98      data=0x02000000 (len=4 B)
[FPGA3] RX #98      data=0x02000001 (len=4 B)
[FPGA3] RX #98      data=0x02000002 (len=4 B)
[FPGA3] RX #98      data=0x02000003 (len=4 B)
[FPGA3] RX #98      data=0x02000004 (len=4 B)
[FPGA3] RX #98      data=0x02000005 (len=4 B)
[FPGA3] RX #98      data=0x02000006 (len=4 B)
[FPGA3] RX #98      data=0x02000007 (len=4 B)
[FPGA3] TX #98.0  data=0x03000000
[FPGA3] TX #98.1  data=0x03000001
[FPGA3] TX #98.2  data=0x03000002
[FPGA3] TX #98.3  data=0x03000003
[FPGA3] RX #98      data=0x04000000 (len=4 B)
[FPGA3] TX #98.4  data=0x03000004
[FPGA3] RX #98      data=0x04000001 (len=4 B)
[FPGA3] TX #98.5  data=0x03000005
[FPGA3] RX #98      data=0x04000002 (len=4 B)
[FPGA3] TX #98.6  data=0x03000006
[FPGA3] RX #98      data=0x04000003 (len=4 B)
[FPGA3] TX #98.7  data=0x03000007
[FPGA3] RX #99      data=0x04000004 (len=4 B)
[FPGA3] RX #99      data=0x04000005 (len=4 B)
[FPGA3] RX #99      data=0x04000006 (len=4 B)
[FPGA3] RX #99      data=0x04000007 (len=4 B)
[FPGA3] RX #99      data=0x01000000 (len=4 B)
[FPGA3] RX #99      data=0x01000001 (len=4 B)
[FPGA3] RX #99      data=0x01000002 (len=4 B)
[FPGA3] RX #99      data=0x01000003 (len=4 B)
[FPGA3] RX #99      data=0x01000004 (len=4 B)
[FPGA3] RX #99      data=0x01000005 (len=4 B)
[FPGA3] RX #99      data=0x01000006 (len=4 B)
[FPGA3] TX #99.0  data=0x03000000
[FPGA3] TX #99.1  data=0x03000001
[FPGA3] TX #99.2  data=0x03000002
[FPGA3] RX #99      data=0x01000007 (len=4 B)
[FPGA3] TX #99.3  data=0x03000003
[FPGA3] RX #99      data=0x02000000 (len=4 B)
[FPGA3] TX #99.4  data=0x03000004
[FPGA3] RX #99      data=0x02000001 (len=4 B)
[FPGA3] TX #99.5  data=0x03000005
[FPGA3] RX #99      data=0x02000002 (len=4 B)
[FPGA3] TX #99.6  data=0x03000006
[FPGA3] RX #99      data=0x02000003 (len=4 B)
[FPGA3] TX #99.7  data=0x03000007
[FPGA3] RX #100      data=0x02000004 (len=4 B)
[FPGA3] RX #100      data=0x02000005 (len=4 B)
[FPGA3] RX #100      data=0x02000006 (len=4 B)
[FPGA3] RX #100      data=0x02000007 (len=4 B)
[FPGA3] RX #100      data=0x04000000 (len=4 B)
[FPGA3] RX #100      data=0x04000001 (len=4 B)
[FPGA3] RX #100      data=0x04000002 (len=4 B)
[FPGA3] RX #100      data=0x04000003 (len=4 B)
[FPGA3] RX #100      data=0x04000004 (len=4 B)
[FPGA3] RX #100      data=0x04000005 (len=4 B)
[FPGA3] RX #100      data=0x04000006 (len=4 B)
[FPGA3] TX #100.0  data=0x03000000
[FPGA3] TX #100.1  data=0x03000001
[FPGA3] TX #100.2  data=0x03000002
[FPGA3] RX #100      data=0x04000007 (len=4 B)
[FPGA3] TX #100.3  data=0x03000003
[FPGA3] RX #100      data=0x01000000 (len=4 B)
[FPGA3] TX #100.4  data=0x03000004
[FPGA3] RX #100      data=0x01000001 (len=4 B)
[FPGA3] TX #100.5  data=0x03000005
[FPGA3] RX #100      data=0x01000002 (len=4 B)
[FPGA3] TX #100.6  data=0x03000006
[FPGA3] RX #100      data=0x01000003 (len=4 B)
[FPGA3] TX #100.7  data=0x03000007
[FPGA3] RX #101      data=0x01000004 (len=4 B)
[FPGA3] RX #101      data=0x01000005 (len=4 B)
[FPGA3] RX #101      data=0x01000006 (len=4 B)
[FPGA3] RX #101      data=0x01000007 (len=4 B)
[FPGA3] RX #101      data=0x02000000 (len=4 B)
[FPGA3] RX #101      data=0x02000001 (len=4 B)
[FPGA3] RX #101      data=0x02000002 (len=4 B)
[FPGA3] RX #101      data=0x02000003 (len=4 B)
[FPGA3] RX #101      data=0x02000004 (len=4 B)
[FPGA3] RX #101      data=0x02000005 (len=4 B)
[FPGA3] RX #101      data=0x02000006 (len=4 B)
[FPGA3] TX #101.0  data=0x03000000
[FPGA3] TX #101.1  data=0x03000001
[FPGA3] TX #101.2  data=0x03000002
[FPGA3] TX #101.3  data=0x03000003
[FPGA3] RX #101      data=0x02000007 (len=4 B)
[FPGA3] TX #101.4  data=0x03000004
[FPGA3] RX #101      data=0x04000000 (len=4 B)
[FPGA3] TX #101.5  data=0x03000005
[FPGA3] RX #101      data=0x04000001 (len=4 B)
[FPGA3] TX #101.6  data=0x03000006
[FPGA3] RX #101      data=0x04000002 (len=4 B)
[FPGA3] TX #101.7  data=0x03000007
[FPGA3] RX #102      data=0x04000003 (len=4 B)
[FPGA3] RX #102      data=0x04000004 (len=4 B)
[FPGA3] RX #102      data=0x04000005 (len=4 B)
[FPGA3] RX #102      data=0x04000006 (len=4 B)
[FPGA3] RX #102      data=0x04000007 (len=4 B)
[FPGA3] RX #102      data=0x01000000 (len=4 B)
[FPGA3] RX #102      data=0x01000001 (len=4 B)
[FPGA3] RX #102      data=0x01000002 (len=4 B)
[FPGA3] RX #102      data=0x01000003 (len=4 B)
[FPGA3] RX #102      data=0x01000004 (len=4 B)
[FPGA3] RX #102      data=0x01000005 (len=4 B)
[FPGA3] RX #102      data=0x01000006 (len=4 B)
[FPGA3] TX #102.0  data=0x03000000
[FPGA3] TX #102.1  data=0x03000001
[FPGA3] TX #102.2  data=0x03000002
[FPGA3] TX #102.3  data=0x03000003
[FPGA3] RX #102      data=0x01000007 (len=4 B)
[FPGA3] TX #102.4  data=0x03000004
[FPGA3] RX #102      data=0x02000000 (len=4 B)
[FPGA3] TX #102.5  data=0x03000005
[FPGA3] RX #102      data=0x02000001 (len=4 B)
[FPGA3] TX #102.6  data=0x03000006
[FPGA3] RX #102      data=0x02000002 (len=4 B)
[FPGA3] TX #102.7  data=0x03000007
[FPGA3] RX #103      data=0x02000003 (len=4 B)
[FPGA3] RX #103      data=0x02000004 (len=4 B)
[FPGA3] RX #103      data=0x02000005 (len=4 B)
[FPGA3] RX #103      data=0x02000006 (len=4 B)
[FPGA3] RX #103      data=0x02000007 (len=4 B)
[FPGA3] RX #103      data=0x04000000 (len=4 B)
[FPGA3] RX #103      data=0x04000001 (len=4 B)
[FPGA3] RX #103      data=0x04000002 (len=4 B)
[FPGA3] RX #103      data=0x04000003 (len=4 B)
[FPGA3] RX #103      data=0x04000004 (len=4 B)
[FPGA3] RX #103      data=0x04000005 (len=4 B)
[FPGA3] RX #103      data=0x04000006 (len=4 B)
[FPGA3] TX #103.0  data=0x03000000
[FPGA3] TX #103.1  data=0x03000001
[FPGA3] TX #103.2  data=0x03000002
[FPGA3] TX #103.3  data=0x03000003
[FPGA3] RX #103      data=0x04000007 (len=4 B)
[FPGA3] TX #103.4  data=0x03000004
[FPGA3] RX #103      data=0x01000000 (len=4 B)
[FPGA3] TX #103.5  data=0x03000005
[FPGA3] RX #103      data=0x01000001 (len=4 B)
[FPGA3] TX #103.6  data=0x03000006
[FPGA3] RX #103      data=0x01000002 (len=4 B)
[FPGA3] TX #103.7  data=0x03000007
[FPGA3] RX #104      data=0x01000003 (len=4 B)
[FPGA3] RX #104      data=0x01000004 (len=4 B)
[FPGA3] RX #104      data=0x01000005 (len=4 B)
[FPGA3] RX #104      data=0x01000006 (len=4 B)
[FPGA3] RX #104      data=0x01000007 (len=4 B)
[FPGA3] RX #104      data=0x02000000 (len=4 B)
[FPGA3] RX #104      data=0x02000001 (len=4 B)
[FPGA3] RX #104      data=0x02000002 (len=4 B)
[FPGA3] RX #104      data=0x02000003 (len=4 B)
[FPGA3] RX #104      data=0x02000004 (len=4 B)
[FPGA3] RX #104      data=0x02000005 (len=4 B)
[FPGA3] RX #104      data=0x02000006 (len=4 B)
[FPGA3] TX #104.0  data=0x03000000
[FPGA3] TX #104.1  data=0x03000001
[FPGA3] TX #104.2  data=0x03000002
[FPGA3] TX #104.3  data=0x03000003
[FPGA3] RX #104      data=0x02000007 (len=4 B)
[FPGA3] TX #104.4  data=0x03000004
[FPGA3] RX #104      data=0x04000000 (len=4 B)
[FPGA3] TX #104.5  data=0x03000005
[FPGA3] RX #104      data=0x04000001 (len=4 B)
[FPGA3] TX #104.6  data=0x03000006
[FPGA3] RX #104      data=0x04000002 (len=4 B)
[FPGA3] TX #104.7  data=0x03000007
[FPGA3] RX #105      data=0x04000003 (len=4 B)
[FPGA3] RX #105      data=0x04000004 (len=4 B)
[FPGA3] RX #105      data=0x04000005 (len=4 B)
[FPGA3] RX #105      data=0x04000006 (len=4 B)
[FPGA3] RX #105      data=0x01000000 (len=4 B)
[FPGA3] RX #105      data=0x01000001 (len=4 B)
[FPGA3] RX #105      data=0x01000002 (len=4 B)
[FPGA3] RX #105      data=0x01000003 (len=4 B)
[FPGA3] RX #105      data=0x01000004 (len=4 B)
[FPGA3] RX #105      data=0x01000005 (len=4 B)
[FPGA3] RX #105      data=0x01000006 (len=4 B)
[FPGA3] RX #105      data=0x01000007 (len=4 B)
[FPGA3] TX #105.0  data=0x03000000
[FPGA3] TX #105.1  data=0x03000001
[FPGA3] TX #105.2  data=0x03000002
[FPGA3] TX #105.3  data=0x03000003
[FPGA3] RX #105      data=0x02000000 (len=4 B)
[FPGA3] TX #105.4  data=0x03000004
[FPGA3] RX #105      data=0x02000001 (len=4 B)
[FPGA3] TX #105.5  data=0x03000005
[FPGA3] RX #105      data=0x02000002 (len=4 B)
[FPGA3] TX #105.6  data=0x03000006
[FPGA3] RX #105      data=0x02000003 (len=4 B)
[FPGA3] TX #105.7  data=0x03000007
[FPGA3] RX #106      data=0x02000004 (len=4 B)
[FPGA3] RX #106      data=0x02000005 (len=4 B)
[FPGA3] RX #106      data=0x02000006 (len=4 B)
[FPGA3] RX #106      data=0x02000007 (len=4 B)
[FPGA3] RX #106      data=0x04000007 (len=4 B)
[FPGA3] RX #106      data=0x04000000 (len=4 B)
[FPGA3] RX #106      data=0x04000001 (len=4 B)
[FPGA3] RX #106      data=0x04000002 (len=4 B)
[FPGA3] RX #106      data=0x04000003 (len=4 B)
[FPGA3] RX #106      data=0x04000004 (len=4 B)
[FPGA3] RX #106      data=0x04000005 (len=4 B)
[FPGA3] TX #106.0  data=0x03000000
[FPGA3] TX #106.1  data=0x03000001
[FPGA3] TX #106.2  data=0x03000002
[FPGA3] RX #106      data=0x04000006 (len=4 B)
[FPGA3] TX #106.3  data=0x03000003
[FPGA3] RX #106      data=0x01000000 (len=4 B)
[FPGA3] TX #106.4  data=0x03000004
[FPGA3] RX #106      data=0x01000001 (len=4 B)
[FPGA3] TX #106.5  data=0x03000005
[FPGA3] RX #106      data=0x01000002 (len=4 B)
[FPGA3] TX #106.6  data=0x03000006
[FPGA3] RX #106      data=0x01000003 (len=4 B)
[FPGA3] TX #106.7  data=0x03000007
[FPGA3] RX #107      data=0x01000004 (len=4 B)
[FPGA3] RX #107      data=0x01000005 (len=4 B)
[FPGA3] RX #107      data=0x01000006 (len=4 B)
[FPGA3] RX #107      data=0x01000007 (len=4 B)
[FPGA3] RX #107      data=0x02000000 (len=4 B)
[FPGA3] RX #107      data=0x02000001 (len=4 B)
[FPGA3] RX #107      data=0x02000002 (len=4 B)
[FPGA3] RX #107      data=0x02000003 (len=4 B)
[FPGA3] RX #107      data=0x02000004 (len=4 B)
[FPGA3] RX #107      data=0x02000005 (len=4 B)
[FPGA3] RX #107      data=0x02000006 (len=4 B)
[FPGA3] TX #107.0  data=0x03000000
[FPGA3] TX #107.1  data=0x03000001
[FPGA3] TX #107.2  data=0x03000002
[FPGA3] RX #107      data=0x02000007 (len=4 B)
[FPGA3] TX #107.3  data=0x03000003
[FPGA3] RX #107      data=0x04000007 (len=4 B)
[FPGA3] TX #107.4  data=0x03000004
[FPGA3] RX #107      data=0x04000000 (len=4 B)
[FPGA3] TX #107.5  data=0x03000005
[FPGA3] RX #107      data=0x04000001 (len=4 B)
[FPGA3] TX #107.6  data=0x03000006
[FPGA3] RX #107      data=0x04000002 (len=4 B)
[FPGA3] TX #107.7  data=0x03000007
[FPGA3] RX #108      data=0x04000003 (len=4 B)
[FPGA3] RX #108      data=0x04000004 (len=4 B)
[FPGA3] RX #108      data=0x04000005 (len=4 B)
[FPGA3] RX #108      data=0x04000006 (len=4 B)
[FPGA3] RX #108      data=0x01000000 (len=4 B)
[FPGA3] RX #108      data=0x01000001 (len=4 B)
[FPGA3] RX #108      data=0x01000002 (len=4 B)
[FPGA3] RX #108      data=0x01000003 (len=4 B)
[FPGA3] RX #108      data=0x01000004 (len=4 B)
[FPGA3] RX #108      data=0x01000005 (len=4 B)
[FPGA3] RX #108      data=0x01000006 (len=4 B)
[FPGA3] TX #108.0  data=0x03000000
[FPGA3] TX #108.1  data=0x03000001
[FPGA3] TX #108.2  data=0x03000002
[FPGA3] TX #108.3  data=0x03000003
[FPGA3] RX #108      data=0x01000007 (len=4 B)
[FPGA3] TX #108.4  data=0x03000004
[FPGA3] RX #108      data=0x02000000 (len=4 B)
[FPGA3] TX #108.5  data=0x03000005
[FPGA3] RX #108      data=0x02000001 (len=4 B)
[FPGA3] TX #108.6  data=0x03000006
[FPGA3] RX #108      data=0x02000002 (len=4 B)
[FPGA3] TX #108.7  data=0x03000007
[FPGA3] RX #109      data=0x02000003 (len=4 B)
[FPGA3] RX #109      data=0x02000004 (len=4 B)
[FPGA3] RX #109      data=0x02000005 (len=4 B)
[FPGA3] RX #109      data=0x02000006 (len=4 B)
[FPGA3] RX #109      data=0x02000007 (len=4 B)
[FPGA3] RX #109      data=0x04000007 (len=4 B)
[FPGA3] RX #109      data=0x04000000 (len=4 B)
[FPGA3] RX #109      data=0x04000001 (len=4 B)
[FPGA3] RX #109      data=0x04000002 (len=4 B)
[FPGA3] RX #109      data=0x04000003 (len=4 B)
[FPGA3] RX #109      data=0x04000004 (len=4 B)
[FPGA3] RX #109      data=0x04000005 (len=4 B)
[FPGA3] TX #109.0  data=0x03000000
[FPGA3] TX #109.1  data=0x03000001
[FPGA3] TX #109.2  data=0x03000002
[FPGA3] TX #109.3  data=0x03000003
[FPGA3] RX #109      data=0x04000006 (len=4 B)
[FPGA3] TX #109.4  data=0x03000004
[FPGA3] RX #109      data=0x01000000 (len=4 B)
[FPGA3] TX #109.5  data=0x03000005
[FPGA3] RX #109      data=0x01000001 (len=4 B)
[FPGA3] TX #109.6  data=0x03000006
[FPGA3] RX #109      data=0x01000002 (len=4 B)
[FPGA3] TX #109.7  data=0x03000007
[FPGA3] RX #110      data=0x01000003 (len=4 B)
[FPGA3] RX #110      data=0x01000004 (len=4 B)
[FPGA3] RX #110      data=0x01000005 (len=4 B)
[FPGA3] RX #110      data=0x01000006 (len=4 B)
[FPGA3] RX #110      data=0x01000007 (len=4 B)
[FPGA3] RX #110      data=0x02000000 (len=4 B)
[FPGA3] RX #110      data=0x02000001 (len=4 B)
[FPGA3] RX #110      data=0x02000002 (len=4 B)
[FPGA3] RX #110      data=0x02000003 (len=4 B)
[FPGA3] RX #110      data=0x02000004 (len=4 B)
[FPGA3] RX #110      data=0x02000005 (len=4 B)
[FPGA3] RX #110      data=0x02000006 (len=4 B)
[FPGA3] TX #110.0  data=0x03000000
[FPGA3] TX #110.1  data=0x03000001
[FPGA3] TX #110.2  data=0x03000002
[FPGA3] TX #110.3  data=0x03000003
[FPGA3] RX #110      data=0x02000007 (len=4 B)
[FPGA3] TX #110.4  data=0x03000004
[FPGA3] RX #110      data=0x04000007 (len=4 B)
[FPGA3] TX #110.5  data=0x03000005
[FPGA3] RX #110      data=0x04000000 (len=4 B)
[FPGA3] TX #110.6  data=0x03000006
[FPGA3] RX #110      data=0x04000001 (len=4 B)
[FPGA3] TX #110.7  data=0x03000007
[FPGA3] RX #111      data=0x04000002 (len=4 B)
[FPGA3] RX #111      data=0x04000003 (len=4 B)
[FPGA3] RX #111      data=0x04000004 (len=4 B)
[FPGA3] RX #111      data=0x04000005 (len=4 B)
[FPGA3] RX #111      data=0x04000006 (len=4 B)
[FPGA3] RX #111      data=0x02000000 (len=4 B)
[FPGA3] RX #111      data=0x02000001 (len=4 B)
[FPGA3] RX #111      data=0x02000002 (len=4 B)
[FPGA3] RX #111      data=0x02000003 (len=4 B)
[FPGA3] RX #111      data=0x02000004 (len=4 B)
[FPGA3] RX #111      data=0x02000005 (len=4 B)
[FPGA3] RX #111      data=0x02000006 (len=4 B)
[FPGA3] TX #111.0  data=0x03000000
[FPGA3] TX #111.1  data=0x03000001
[FPGA3] TX #111.2  data=0x03000002
[FPGA3] TX #111.3  data=0x03000003
[FPGA3] RX #111      data=0x02000007 (len=4 B)
[FPGA3] TX #111.4  data=0x03000004
[FPGA3] RX #111      data=0x01000000 (len=4 B)
[FPGA3] TX #111.5  data=0x03000005
[FPGA3] RX #111      data=0x01000001 (len=4 B)
[FPGA3] TX #111.6  data=0x03000006
[FPGA3] RX #111      data=0x01000002 (len=4 B)
[FPGA3] TX #111.7  data=0x03000007
[FPGA3] RX #112      data=0x01000003 (len=4 B)
[FPGA3] RX #112      data=0x01000004 (len=4 B)
[FPGA3] RX #112      data=0x01000005 (len=4 B)
[FPGA3] RX #112      data=0x01000006 (len=4 B)
[FPGA3] RX #112      data=0x01000007 (len=4 B)
[FPGA3] RX #112      data=0x04000007 (len=4 B)
[FPGA3] RX #112      data=0x04000000 (len=4 B)
[FPGA3] RX #112      data=0x04000001 (len=4 B)
[FPGA3] RX #112      data=0x04000002 (len=4 B)
[FPGA3] RX #112      data=0x04000003 (len=4 B)
[FPGA3] RX #112      data=0x04000004 (len=4 B)
[FPGA3] TX #112.0  data=0x03000000
[FPGA3] TX #112.1  data=0x03000001
[FPGA3] TX #112.2  data=0x03000002
[FPGA3] RX #112      data=0x04000005 (len=4 B)
[FPGA3] TX #112.3  data=0x03000003
[FPGA3] RX #112      data=0x04000006 (len=4 B)
[FPGA3] TX #112.4  data=0x03000004
[FPGA3] RX #112      data=0x01000000 (len=4 B)
[FPGA3] TX #112.5  data=0x03000005
[FPGA3] RX #112      data=0x01000001 (len=4 B)
[FPGA3] TX #112.6  data=0x03000006
[FPGA3] RX #112      data=0x01000002 (len=4 B)
[FPGA3] TX #112.7  data=0x03000007
[FPGA3] RX #113      data=0x01000003 (len=4 B)
[FPGA3] RX #113      data=0x01000004 (len=4 B)
[FPGA3] RX #113      data=0x01000005 (len=4 B)
[FPGA3] RX #113      data=0x01000006 (len=4 B)
[FPGA3] RX #113      data=0x01000007 (len=4 B)
[FPGA3] RX #113      data=0x04000007 (len=4 B)
[FPGA3] RX #113      data=0x04000000 (len=4 B)
[FPGA3] RX #113      data=0x04000001 (len=4 B)
[FPGA3] RX #113      data=0x04000002 (len=4 B)
[FPGA3] RX #113      data=0x04000003 (len=4 B)
[FPGA3] RX #113      data=0x04000004 (len=4 B)
[FPGA3] TX #113.0  data=0x03000000
[FPGA3] TX #113.1  data=0x03000001
[FPGA3] TX #113.2  data=0x03000002
[FPGA3] RX #113      data=0x04000005 (len=4 B)
[FPGA3] TX #113.3  data=0x03000003
[FPGA3] RX #113      data=0x04000006 (len=4 B)
[FPGA3] TX #113.4  data=0x03000004
[FPGA3] RX #113      data=0x04000007 (len=4 B)
[FPGA3] TX #113.5  data=0x03000005
[FPGA3] RX #113      data=0x02000000 (len=4 B)
[FPGA3] TX #113.6  data=0x03000006
[FPGA3] RX #113      data=0x02000001 (len=4 B)
[FPGA3] TX #113.7  data=0x03000007
[FPGA3] RX #114      data=0x02000002 (len=4 B)
[FPGA3] RX #114      data=0x02000003 (len=4 B)
[FPGA3] RX #114      data=0x02000004 (len=4 B)
[FPGA3] RX #114      data=0x02000005 (len=4 B)
[FPGA3] RX #114      data=0x02000006 (len=4 B)
[FPGA3] RX #114      data=0x02000007 (len=4 B)
[FPGA3] RX #114      data=0x01000000 (len=4 B)
[FPGA3] RX #114      data=0x01000001 (len=4 B)
[FPGA3] RX #114      data=0x01000002 (len=4 B)
[FPGA3] RX #114      data=0x01000003 (len=4 B)
[FPGA3] RX #114      data=0x01000004 (len=4 B)
[FPGA3] TX #114.0  data=0x03000000
[FPGA3] TX #114.1  data=0x03000001
[FPGA3] TX #114.2  data=0x03000002
[FPGA3] RX #114      data=0x01000005 (len=4 B)
[FPGA3] TX #114.3  data=0x03000003
[FPGA3] RX #114      data=0x01000006 (len=4 B)
[FPGA3] TX #114.4  data=0x03000004
[FPGA3] RX #114      data=0x01000007 (len=4 B)
[FPGA3] TX #114.5  data=0x03000005
[FPGA3] RX #114      data=0x04000000 (len=4 B)
[FPGA3] TX #114.6  data=0x03000006
[FPGA3] RX #114      data=0x04000001 (len=4 B)
[FPGA3] TX #114.7  data=0x03000007
[FPGA3] RX #115      data=0x04000002 (len=4 B)
[FPGA3] RX #115      data=0x04000003 (len=4 B)
[FPGA3] RX #115      data=0x04000004 (len=4 B)
[FPGA3] RX #115      data=0x04000005 (len=4 B)
[FPGA3] RX #115      data=0x04000006 (len=4 B)
[FPGA3] RX #115      data=0x02000000 (len=4 B)
[FPGA3] RX #115      data=0x02000001 (len=4 B)
[FPGA3] RX #115      data=0x02000002 (len=4 B)
[FPGA3] RX #115      data=0x02000003 (len=4 B)
[FPGA3] RX #115      data=0x02000004 (len=4 B)
[FPGA3] RX #115      data=0x02000005 (len=4 B)
[FPGA3] TX #115.0  data=0x03000000
[FPGA3] TX #115.1  data=0x03000001
[FPGA3] TX #115.2  data=0x03000002
[FPGA3] TX #115.3  data=0x03000003
[FPGA3] RX #115      data=0x02000006 (len=4 B)
[FPGA3] TX #115.4  data=0x03000004
[FPGA3] RX #115      data=0x02000007 (len=4 B)
[FPGA3] TX #115.5  data=0x03000005
[FPGA3] RX #115      data=0x01000000 (len=4 B)
[FPGA3] TX #115.6  data=0x03000006
[FPGA3] RX #115      data=0x01000001 (len=4 B)
[FPGA3] TX #115.7  data=0x03000007
[FPGA3] RX #116      data=0x01000002 (len=4 B)
[FPGA3] RX #116      data=0x01000003 (len=4 B)
[FPGA3] RX #116      data=0x01000004 (len=4 B)
[FPGA3] RX #116      data=0x01000005 (len=4 B)
[FPGA3] RX #116      data=0x01000006 (len=4 B)
[FPGA3] RX #116      data=0x01000007 (len=4 B)
[FPGA3] RX #116      data=0x04000007 (len=4 B)
[FPGA3] RX #116      data=0x04000000 (len=4 B)
[FPGA3] RX #116      data=0x04000001 (len=4 B)
[FPGA3] RX #116      data=0x04000002 (len=4 B)
[FPGA3] RX #116      data=0x04000003 (len=4 B)
[FPGA3] RX #116      data=0x04000004 (len=4 B)
[FPGA3] TX #116.0  data=0x03000000
[FPGA3] TX #116.1  data=0x03000001
[FPGA3] TX #116.2  data=0x03000002
[FPGA3] TX #116.3  data=0x03000003
[FPGA3] RX #116      data=0x04000005 (len=4 B)
[FPGA3] TX #116.4  data=0x03000004
[FPGA3] RX #116      data=0x04000006 (len=4 B)
[FPGA3] TX #116.5  data=0x03000005
[FPGA3] RX #116      data=0x02000000 (len=4 B)
[FPGA3] TX #116.6  data=0x03000006
[FPGA3] RX #116      data=0x02000001 (len=4 B)
[FPGA3] TX #116.7  data=0x03000007
[FPGA3] RX #117      data=0x02000002 (len=4 B)
[FPGA3] RX #117      data=0x02000003 (len=4 B)
[FPGA3] RX #117      data=0x02000004 (len=4 B)
[FPGA3] RX #117      data=0x02000005 (len=4 B)
[FPGA3] RX #117      data=0x02000006 (len=4 B)
[FPGA3] RX #117      data=0x02000007 (len=4 B)
[FPGA3] RX #117      data=0x01000000 (len=4 B)
[FPGA3] RX #117      data=0x01000001 (len=4 B)
[FPGA3] RX #117      data=0x01000002 (len=4 B)
[FPGA3] RX #117      data=0x01000003 (len=4 B)
[FPGA3] RX #117      data=0x01000004 (len=4 B)
[FPGA3] RX #117      data=0x01000005 (len=4 B)
[FPGA3] TX #117.0  data=0x03000000
[FPGA3] TX #117.1  data=0x03000001
[FPGA3] TX #117.2  data=0x03000002
[FPGA3] TX #117.3  data=0x03000003
[FPGA3] RX #117      data=0x01000006 (len=4 B)
[FPGA3] TX #117.4  data=0x03000004
[FPGA3] RX #117      data=0x01000007 (len=4 B)
[FPGA3] TX #117.5  data=0x03000005
[FPGA3] RX #117      data=0x04000007 (len=4 B)
[FPGA3] TX #117.6  data=0x03000006
[FPGA3] RX #117      data=0x04000000 (len=4 B)
[FPGA3] TX #117.7  data=0x03000007
[FPGA3] RX #118      data=0x04000001 (len=4 B)
[FPGA3] RX #118      data=0x04000002 (len=4 B)
[FPGA3] RX #118      data=0x04000003 (len=4 B)
[FPGA3] RX #118      data=0x04000004 (len=4 B)
[FPGA3] RX #118      data=0x04000005 (len=4 B)
[FPGA3] RX #118      data=0x04000006 (len=4 B)
[FPGA3] RX #118      data=0x02000000 (len=4 B)
[FPGA3] RX #118      data=0x02000001 (len=4 B)
[FPGA3] RX #118      data=0x02000002 (len=4 B)
[FPGA3] RX #118      data=0x02000003 (len=4 B)
[FPGA3] RX #118      data=0x02000004 (len=4 B)
[FPGA3] RX #118      data=0x02000005 (len=4 B)
[FPGA3] TX #118.0  data=0x03000000
[FPGA3] TX #118.1  data=0x03000001
[FPGA3] TX #118.2  data=0x03000002
[FPGA3] TX #118.3  data=0x03000003
[FPGA3] RX #118      data=0x02000006 (len=4 B)
[FPGA3] TX #118.4  data=0x03000004
[FPGA3] RX #118      data=0x01000000 (len=4 B)
[FPGA3] TX #118.5  data=0x03000005
[FPGA3] RX #118      data=0x01000001 (len=4 B)
[FPGA3] TX #118.6  data=0x03000006
[FPGA3] RX #118      data=0x01000002 (len=4 B)
[FPGA3] TX #118.7  data=0x03000007
[FPGA3] RX #119      data=0x01000003 (len=4 B)
[FPGA3] RX #119      data=0x01000004 (len=4 B)
[FPGA3] RX #119      data=0x01000005 (len=4 B)
[FPGA3] RX #119      data=0x01000006 (len=4 B)
[FPGA3] RX #119      data=0x01000007 (len=4 B)
[FPGA3] RX #119      data=0x04000007 (len=4 B)
[FPGA3] RX #119      data=0x04000000 (len=4 B)
[FPGA3] RX #119      data=0x04000001 (len=4 B)
[FPGA3] RX #119      data=0x04000002 (len=4 B)
[FPGA3] RX #119      data=0x04000003 (len=4 B)
[FPGA3] RX #119      data=0x04000004 (len=4 B)
[FPGA3] TX #119.0  data=0x03000000
[FPGA3] TX #119.1  data=0x03000001
[FPGA3] TX #119.2  data=0x03000002
[FPGA3] RX #119      data=0x04000005 (len=4 B)
[FPGA3] TX #119.3  data=0x03000003
[FPGA3] RX #119      data=0x04000006 (len=4 B)
[FPGA3] TX #119.4  data=0x03000004
[FPGA3] RX #119      data=0x02000007 (len=4 B)
[FPGA3] TX #119.5  data=0x03000005
[FPGA3] RX #119      data=0x02000000 (len=4 B)
[FPGA3] TX #119.6  data=0x03000006
[FPGA3] RX #119      data=0x02000001 (len=4 B)
[FPGA3] TX #119.7  data=0x03000007
[FPGA3] RX #120      data=0x02000002 (len=4 B)
[FPGA3] RX #120      data=0x02000003 (len=4 B)
[FPGA3] RX #120      data=0x02000004 (len=4 B)
[FPGA3] RX #120      data=0x02000005 (len=4 B)
[FPGA3] RX #120      data=0x02000006 (len=4 B)
[FPGA3] RX #120      data=0x02000007 (len=4 B)
[FPGA3] RX #120      data=0x01000000 (len=4 B)
[FPGA3] RX #120      data=0x01000001 (len=4 B)
[FPGA3] RX #120      data=0x01000002 (len=4 B)
[FPGA3] RX #120      data=0x01000003 (len=4 B)
[FPGA3] RX #120      data=0x01000004 (len=4 B)
[FPGA3] TX #120.0  data=0x03000000
[FPGA3] TX #120.1  data=0x03000001
[FPGA3] TX #120.2  data=0x03000002
[FPGA3] RX #120      data=0x01000005 (len=4 B)
[FPGA3] TX #120.3  data=0x03000003
[FPGA3] RX #120      data=0x01000006 (len=4 B)
[FPGA3] TX #120.4  data=0x03000004
[FPGA3] RX #120      data=0x01000007 (len=4 B)
[FPGA3] TX #120.5  data=0x03000005
[FPGA3] RX #120      data=0x04000007 (len=4 B)
[FPGA3] TX #120.6  data=0x03000006
[FPGA3] RX #120      data=0x04000000 (len=4 B)
[FPGA3] TX #120.7  data=0x03000007
[FPGA3] RX #121      data=0x04000001 (len=4 B)
[FPGA3] RX #121      data=0x04000002 (len=4 B)
[FPGA3] RX #121      data=0x04000003 (len=4 B)
[FPGA3] RX #121      data=0x04000004 (len=4 B)
[FPGA3] RX #121      data=0x04000005 (len=4 B)
